# Blender 3.6.2
# www.blender.org
mtllib login.mtl
o Text
v 3.630000 0.691000 0.000000
v 3.587446 0.660466 0.000000
v 3.548320 0.627977 0.000000
v 3.512672 0.593703 0.000000
v 3.480556 0.557815 0.000000
v 3.452023 0.520482 0.000000
v 3.427125 0.481875 0.000000
v 3.405915 0.442164 0.000000
v 3.388444 0.401519 0.000000
v 3.374766 0.360109 0.000000
v 3.364931 0.318107 0.000000
v 3.358991 0.275680 0.000000
v 3.357000 0.233000 0.000000
v 3.358827 0.197988 0.000000
v 3.364199 0.165074 0.000000
v 3.372953 0.134438 0.000000
v 3.384926 0.106259 0.000000
v 3.399954 0.080720 0.000000
v 3.417875 0.058000 0.000000
v 3.438525 0.038280 0.000000
v 3.461741 0.021741 0.000000
v 3.487359 0.008563 0.000000
v 3.515218 -0.001074 -0.000000
v 3.545152 -0.006988 -0.000000
v 3.577000 -0.009000 -0.000000
v 3.603853 -0.007106 -0.000000
v 3.629736 -0.001597 -0.000000
v 3.654391 0.007266 0.000000
v 3.677556 0.019222 0.000000
v 3.698971 0.034012 0.000000
v 3.718375 0.051375 0.000000
v 3.735509 0.071050 0.000000
v 3.750111 0.092778 0.000000
v 3.761922 0.116297 0.000000
v 3.770681 0.141347 0.000000
v 3.776127 0.167668 0.000000
v 3.778000 0.195000 0.000000
v 3.776324 0.222653 0.000000
v 3.771422 0.248977 0.000000
v 3.763485 0.273766 0.000000
v 3.752704 0.296815 0.000000
v 3.739270 0.317920 0.000000
v 3.723375 0.336875 0.000000
v 3.705209 0.353476 0.000000
v 3.684963 0.367518 0.000000
v 3.662828 0.378797 0.000000
v 3.638995 0.387106 0.000000
v 3.613656 0.392242 0.000000
v 3.587000 0.394000 0.000000
v 3.575957 0.393716 0.000000
v 3.565324 0.392898 0.000000
v 3.555094 0.391594 0.000000
v 3.545259 0.389852 0.000000
v 3.535814 0.387721 0.000000
v 3.526750 0.385250 0.000000
v 3.518061 0.382487 0.000000
v 3.509741 0.379482 0.000000
v 3.501781 0.376281 0.000000
v 3.494176 0.372935 0.000000
v 3.486918 0.369492 0.000000
v 3.480000 0.366000 0.000000
v 3.488161 0.389806 0.000000
v 3.498537 0.413616 0.000000
v 3.510969 0.437266 0.000000
v 3.525296 0.460593 0.000000
v 3.541360 0.483433 0.000000
v 3.559000 0.505625 0.000000
v 3.578057 0.527004 0.000000
v 3.598371 0.547407 0.000000
v 3.619782 0.566672 0.000000
v 3.642130 0.584634 0.000000
v 3.665256 0.601131 0.000000
v 3.689000 0.616000 0.000000
v 3.459000 0.265000 0.000000
v 3.469356 0.271590 0.000000
v 3.479014 0.277389 0.000000
v 3.488110 0.282438 0.000000
v 3.496778 0.286778 0.000000
v 3.505155 0.290451 0.000000
v 3.513375 0.293500 0.000000
v 3.521575 0.295965 0.000000
v 3.529889 0.297889 0.000000
v 3.538453 0.299313 0.000000
v 3.547403 0.300278 0.000000
v 3.556874 0.300826 0.000000
v 3.567000 0.301000 0.000000
v 3.582878 0.300080 0.000000
v 3.597940 0.297389 0.000000
v 3.612078 0.293031 0.000000
v 3.625185 0.287111 0.000000
v 3.637153 0.279733 0.000000
v 3.647875 0.271000 0.000000
v 3.657243 0.261017 0.000000
v 3.665148 0.249889 0.000000
v 3.671484 0.237719 0.000000
v 3.676144 0.224611 0.000000
v 3.679018 0.210670 0.000000
v 3.680000 0.196000 0.000000
v 3.679097 0.179722 0.000000
v 3.676440 0.164440 0.000000
v 3.672110 0.150234 0.000000
v 3.666185 0.137185 0.000000
v 3.658747 0.125372 0.000000
v 3.649875 0.114875 0.000000
v 3.639649 0.105774 0.000000
v 3.628148 0.098148 0.000000
v 3.615453 0.092078 0.000000
v 3.601644 0.087644 0.000000
v 3.586799 0.084924 0.000000
v 3.571000 0.084000 0.000000
v 3.553385 0.085422 0.000000
v 3.536246 0.089630 0.000000
v 3.519891 0.096531 0.000000
v 3.504630 0.106037 0.000000
v 3.490772 0.118057 0.000000
v 3.478625 0.132500 0.000000
v 3.468499 0.149277 0.000000
v 3.460704 0.168296 0.000000
v 3.455547 0.189469 0.000000
v 3.453338 0.212704 0.000000
v 3.454386 0.237911 0.000000
v 0.285000 0.359000 0.000000
v 0.582000 0.682000 0.000000
v 0.460000 0.682000 0.000000
v 0.173000 0.370000 0.000000
v 0.173000 0.682000 0.000000
v 0.075000 0.682000 0.000000
v 0.075000 0.000000 0.000000
v 0.173000 0.000000 0.000000
v 0.173000 0.337000 0.000000
v 0.520000 0.000000 0.000000
v 0.655000 0.000000 0.000000
v 1.018000 0.686000 0.000000
v 0.949000 0.686000 0.000000
v 0.656000 0.000000 0.000000
v 0.756000 0.000000 0.000000
v 0.842000 0.201000 0.000000
v 1.132000 0.201000 0.000000
v 1.223000 0.000000 0.000000
v 1.323000 0.000000 0.000000
v 0.982000 0.536000 0.000000
v 1.092000 0.289000 0.000000
v 0.880000 0.289000 0.000000
v 1.495000 0.682000 0.000000
v 1.397000 0.682000 0.000000
v 1.397000 0.000000 0.000000
v 1.803000 0.000000 0.000000
v 1.803000 0.088000 0.000000
v 1.495000 0.088000 0.000000
v 2.283000 0.341000 0.000000
v 2.281192 0.392001 0.000000
v 2.275870 0.439843 0.000000
v 2.267187 0.484281 0.000000
v 2.255296 0.525074 0.000000
v 2.240350 0.561978 0.000000
v 2.222500 0.594750 0.000000
v 2.201900 0.623147 0.000000
v 2.178704 0.646926 0.000000
v 2.153063 0.665844 0.000000
v 2.125130 0.679658 0.000000
v 2.095058 0.688124 0.000000
v 2.063000 0.691000 0.000000
v 2.030942 0.688124 0.000000
v 2.000870 0.679657 0.000000
v 1.972938 0.665844 0.000000
v 1.947296 0.646926 0.000000
v 1.924100 0.623147 0.000000
v 1.903500 0.594750 0.000000
v 1.885650 0.561978 0.000000
v 1.870704 0.525074 0.000000
v 1.858812 0.484281 0.000000
v 1.850129 0.439843 0.000000
v 1.844808 0.392001 0.000000
v 1.843000 0.341000 0.000000
v 1.844808 0.289999 0.000000
v 1.850130 0.242157 0.000000
v 1.858813 0.197719 0.000000
v 1.870704 0.156926 0.000000
v 1.885651 0.120022 0.000000
v 1.903500 0.087250 0.000000
v 1.924100 0.058853 0.000000
v 1.947297 0.035074 0.000000
v 1.972938 0.016156 0.000000
v 2.000871 0.002343 0.000000
v 2.030942 -0.006124 -0.000000
v 2.063000 -0.009000 -0.000000
v 2.095058 -0.006124 -0.000000
v 2.125130 0.002343 0.000000
v 2.153063 0.016156 0.000000
v 2.178704 0.035074 0.000000
v 2.201900 0.058853 0.000000
v 2.222500 0.087250 0.000000
v 2.240350 0.120022 0.000000
v 2.255296 0.156926 0.000000
v 2.267187 0.197719 0.000000
v 2.275870 0.242157 0.000000
v 2.281192 0.289999 0.000000
v 2.185000 0.341000 0.000000
v 2.184051 0.302332 0.000000
v 2.181241 0.266407 0.000000
v 2.176625 0.233344 0.000000
v 2.170259 0.203259 0.000000
v 2.162199 0.176272 0.000000
v 2.152500 0.152500 0.000000
v 2.141217 0.132061 0.000000
v 2.128407 0.115074 0.000000
v 2.114125 0.101656 0.000000
v 2.098426 0.091926 0.000000
v 2.081365 0.086001 0.000000
v 2.063000 0.084000 0.000000
v 2.044634 0.086001 0.000000
v 2.027574 0.091926 0.000000
v 2.011875 0.101656 0.000000
v 1.997592 0.115074 0.000000
v 1.984782 0.132061 0.000000
v 1.973500 0.152500 0.000000
v 1.963801 0.176272 0.000000
v 1.955740 0.203259 0.000000
v 1.949375 0.233344 0.000000
v 1.944759 0.266407 0.000000
v 1.941949 0.302332 0.000000
v 1.941000 0.341000 0.000000
v 1.941949 0.379668 0.000000
v 1.944759 0.415593 0.000000
v 1.949375 0.448656 0.000000
v 1.955741 0.478741 0.000000
v 1.963801 0.505728 0.000000
v 1.973500 0.529500 0.000000
v 1.984783 0.549939 0.000000
v 1.997593 0.566926 0.000000
v 2.011875 0.580344 0.000000
v 2.027575 0.590074 0.000000
v 2.044635 0.595999 0.000000
v 2.063000 0.598000 0.000000
v 2.081366 0.595999 0.000000
v 2.098426 0.590074 0.000000
v 2.114125 0.580344 0.000000
v 2.128408 0.566926 0.000000
v 2.141218 0.549939 0.000000
v 2.152500 0.529500 0.000000
v 2.162199 0.505728 0.000000
v 2.170260 0.478741 0.000000
v 2.176625 0.448656 0.000000
v 2.181241 0.415593 0.000000
v 2.184052 0.379668 0.000000
v 2.394000 0.569000 0.000000
v 2.405449 0.573982 0.000000
v 2.416343 0.578440 0.000000
v 2.426750 0.582391 0.000000
v 2.436741 0.585852 0.000000
v 2.446385 0.588841 0.000000
v 2.455750 0.591375 0.000000
v 2.464908 0.593472 0.000000
v 2.473926 0.595148 0.000000
v 2.482875 0.596422 0.000000
v 2.491824 0.597310 0.000000
v 2.500843 0.597830 0.000000
v 2.510000 0.598000 0.000000
v 2.527447 0.597196 0.000000
v 2.543741 0.594819 0.000000
v 2.558813 0.590922 0.000000
v 2.572593 0.585556 0.000000
v 2.585012 0.578773 0.000000
v 2.596000 0.570625 0.000000
v 2.605489 0.561165 0.000000
v 2.613408 0.550444 0.000000
v 2.619688 0.538516 0.000000
v 2.624260 0.525431 0.000000
v 2.627054 0.511241 0.000000
v 2.628000 0.496000 0.000000
v 2.627063 0.481028 0.000000
v 2.624250 0.467139 0.000000
v 2.619563 0.454375 0.000000
v 2.613000 0.442778 0.000000
v 2.604563 0.432389 0.000000
v 2.594250 0.423250 0.000000
v 2.582063 0.415403 0.000000
v 2.568001 0.408889 0.000000
v 2.552063 0.403750 0.000000
v 2.534250 0.400028 0.000000
v 2.514563 0.397764 0.000000
v 2.493000 0.397000 0.000000
v 2.493000 0.307000 0.000000
v 2.516250 0.307087 0.000000
v 2.537496 0.304944 0.000000
v 2.556735 0.300719 0.000000
v 2.573963 0.294556 0.000000
v 2.589178 0.286601 0.000000
v 2.602375 0.277000 0.000000
v 2.613552 0.265899 0.000000
v 2.622704 0.253444 0.000000
v 2.629828 0.239781 0.000000
v 2.634922 0.225056 0.000000
v 2.637980 0.209413 0.000000
v 2.639000 0.193000 0.000000
v 2.638115 0.176991 0.000000
v 2.635505 0.162009 0.000000
v 2.631235 0.148125 0.000000
v 2.625371 0.135407 0.000000
v 2.617979 0.123926 0.000000
v 2.609125 0.113750 0.000000
v 2.598876 0.104949 0.000000
v 2.587297 0.097593 0.000000
v 2.574454 0.091750 0.000000
v 2.560412 0.087491 0.000000
v 2.545239 0.084884 0.000000
v 2.529000 0.084000 0.000000
v 2.516499 0.084355 0.000000
v 2.503991 0.085421 0.000000
v 2.491469 0.087203 0.000000
v 2.478926 0.089704 0.000000
v 2.466355 0.092927 0.000000
v 2.453750 0.096875 0.000000
v 2.441103 0.101553 0.000000
v 2.428407 0.106963 0.000000
v 2.415656 0.113109 0.000000
v 2.402843 0.119995 0.000000
v 2.389960 0.127624 0.000000
v 2.377000 0.136000 0.000000
v 2.377000 0.030000 0.000000
v 2.389249 0.023981 0.000000
v 2.401491 0.018431 0.000000
v 2.413719 0.013359 0.000000
v 2.425926 0.008778 0.000000
v 2.438105 0.004696 0.000000
v 2.450250 0.001125 0.000000
v 2.462353 -0.001925 -0.000000
v 2.474408 -0.004444 -0.000000
v 2.486407 -0.006422 -0.000000
v 2.498343 -0.007847 -0.000000
v 2.510210 -0.008710 -0.000000
v 2.522000 -0.009000 -0.000000
v 2.552699 -0.007257 -0.000000
v 2.581676 -0.002139 -0.000000
v 2.608750 0.006188 0.000000
v 2.633741 0.017556 0.000000
v 2.656468 0.031799 0.000000
v 2.676750 0.048750 0.000000
v 2.694408 0.068243 0.000000
v 2.709260 0.090111 0.000000
v 2.721126 0.114188 0.000000
v 2.729825 0.140306 0.000000
v 2.735177 0.168299 0.000000
v 2.737000 0.198000 0.000000
v 2.736371 0.215491 0.000000
v 2.734463 0.232847 0.000000
v 2.731250 0.249891 0.000000
v 2.726704 0.266444 0.000000
v 2.720797 0.282332 0.000000
v 2.713500 0.297375 0.000000
v 2.704787 0.311398 0.000000
v 2.694630 0.324222 0.000000
v 2.683000 0.335672 0.000000
v 2.669871 0.345569 0.000000
v 2.655213 0.353738 0.000000
v 2.639000 0.360000 0.000000
v 2.653736 0.368701 0.000000
v 2.666972 0.377861 0.000000
v 2.678750 0.387563 0.000000
v 2.689111 0.397889 0.000000
v 2.698098 0.408924 0.000000
v 2.705750 0.420750 0.000000
v 2.712111 0.433451 0.000000
v 2.717223 0.447111 0.000000
v 2.721125 0.461813 0.000000
v 2.723861 0.477639 0.000000
v 2.725472 0.494674 0.000000
v 2.726000 0.513000 0.000000
v 2.724375 0.539190 0.000000
v 2.719584 0.563685 0.000000
v 2.711750 0.586375 0.000000
v 2.701000 0.607148 0.000000
v 2.687459 0.625894 0.000000
v 2.671250 0.642500 0.000000
v 2.652500 0.656857 0.000000
v 2.631333 0.668852 0.000000
v 2.607875 0.678375 0.000000
v 2.582250 0.685315 0.000000
v 2.554583 0.689560 0.000000
v 2.525000 0.691000 0.000000
v 2.512492 0.690811 0.000000
v 2.500435 0.690241 0.000000
v 2.488781 0.689281 0.000000
v 2.477482 0.687926 0.000000
v 2.466487 0.686168 0.000000
v 2.455750 0.684000 0.000000
v 2.445221 0.681415 0.000000
v 2.434852 0.678407 0.000000
v 2.424594 0.674969 0.000000
v 2.414398 0.671093 0.000000
v 2.404217 0.666772 0.000000
v 2.394000 0.662000 0.000000
v 3.279000 0.093000 0.000000
v 3.018000 0.093000 0.000000
v 3.054102 0.136478 0.000000
v 3.086482 0.176657 0.000000
v 3.115250 0.213906 0.000000
v 3.140519 0.248593 0.000000
v 3.162398 0.281085 0.000000
v 3.181000 0.311750 0.000000
v 3.196435 0.340957 0.000000
v 3.208815 0.369074 0.000000
v 3.218250 0.396469 0.000000
v 3.224852 0.423509 0.000000
v 3.228732 0.450564 0.000000
v 3.230000 0.478000 0.000000
v 3.228257 0.508660 0.000000
v 3.223135 0.537528 0.000000
v 3.214797 0.564438 0.000000
v 3.203408 0.589222 0.000000
v 3.189129 0.611715 0.000000
v 3.172125 0.631750 0.000000
v 3.152559 0.649160 0.000000
v 3.130593 0.663778 0.000000
v 3.106391 0.675438 0.000000
v 3.080116 0.683972 0.000000
v 3.051931 0.689215 0.000000
v 3.022000 0.691000 0.000000
v 3.008329 0.690561 0.000000
v 2.994797 0.689241 0.000000
v 2.981375 0.687031 0.000000
v 2.968037 0.683926 0.000000
v 2.954755 0.679918 0.000000
v 2.941500 0.675000 0.000000
v 2.928245 0.669166 0.000000
v 2.914963 0.662407 0.000000
v 2.901625 0.654719 0.000000
v 2.888204 0.646093 0.000000
v 2.874671 0.636522 0.000000
v 2.861000 0.626000 0.000000
v 2.861000 0.503000 0.000000
v 2.874648 0.519515 0.000000
v 2.888102 0.534120 0.000000
v 2.901375 0.546906 0.000000
v 2.914482 0.557963 0.000000
v 2.927436 0.567381 0.000000
v 2.940250 0.575250 0.000000
v 2.952940 0.581661 0.000000
v 2.965519 0.586704 0.000000
v 2.978000 0.590469 0.000000
v 2.990399 0.593046 0.000000
v 3.002727 0.594527 0.000000
v 3.015000 0.595000 0.000000
v 3.031377 0.593914 0.000000
v 3.046931 0.590727 0.000000
v 3.061547 0.585547 0.000000
v 3.075111 0.578481 0.000000
v 3.087509 0.569638 0.000000
v 3.098625 0.559125 0.000000
v 3.108346 0.547049 0.000000
v 3.116556 0.533518 0.000000
v 3.123141 0.518641 0.000000
v 3.127986 0.502523 0.000000
v 3.130978 0.485274 0.000000
v 3.132000 0.467000 0.000000
v 3.131670 0.453202 0.000000
v 3.130678 0.440206 0.000000
v 3.129024 0.427861 0.000000
v 3.126704 0.416016 0.000000
v 3.123717 0.404517 0.000000
v 3.120062 0.393214 0.000000
v 3.115737 0.381954 0.000000
v 3.110741 0.370587 0.000000
v 3.105070 0.358959 0.000000
v 3.098725 0.346920 0.000000
v 3.091702 0.334318 0.000000
v 3.084000 0.321000 0.000000
v 3.068585 0.295763 0.000000
v 3.051514 0.269685 0.000000
v 3.033047 0.242969 0.000000
v 3.013444 0.215815 0.000000
v 2.992967 0.188425 0.000000
v 2.971875 0.161000 0.000000
v 2.950429 0.133742 0.000000
v 2.928889 0.106852 0.000000
v 2.907516 0.080531 0.000000
v 2.886569 0.054981 0.000000
v 2.866311 0.030404 0.000000
v 2.847000 0.007000 0.000000
v 2.847000 0.000000 0.000000
v 3.279000 0.000000 0.000000
v 3.630000 0.691000 0.000000
v 3.587446 0.660466 0.000000
v 3.548320 0.627977 0.000000
v 3.512672 0.593703 0.000000
v 3.480556 0.557815 0.000000
v 3.452023 0.520482 0.000000
v 3.427125 0.481875 0.000000
v 3.405915 0.442164 0.000000
v 3.388444 0.401519 0.000000
v 3.374766 0.360109 0.000000
v 3.364931 0.318107 0.000000
v 3.358991 0.275680 0.000000
v 3.357000 0.233000 0.000000
v 3.358827 0.197988 0.000000
v 3.364199 0.165074 0.000000
v 3.372953 0.134438 0.000000
v 3.384926 0.106259 0.000000
v 3.399954 0.080720 0.000000
v 3.417875 0.058000 0.000000
v 3.438525 0.038280 0.000000
v 3.461741 0.021741 0.000000
v 3.487359 0.008563 0.000000
v 3.515218 -0.001074 -0.000000
v 3.545152 -0.006988 -0.000000
v 3.577000 -0.009000 -0.000000
v 3.603853 -0.007106 -0.000000
v 3.629736 -0.001597 -0.000000
v 3.654391 0.007266 0.000000
v 3.677556 0.019222 0.000000
v 3.698971 0.034012 0.000000
v 3.718375 0.051375 0.000000
v 3.735509 0.071050 0.000000
v 3.750111 0.092778 0.000000
v 3.761922 0.116297 0.000000
v 3.770681 0.141347 0.000000
v 3.776127 0.167668 0.000000
v 3.778000 0.195000 0.000000
v 3.776324 0.222653 0.000000
v 3.771422 0.248977 0.000000
v 3.763485 0.273766 0.000000
v 3.752704 0.296815 0.000000
v 3.739270 0.317920 0.000000
v 3.723375 0.336875 0.000000
v 3.705209 0.353476 0.000000
v 3.684963 0.367518 0.000000
v 3.662828 0.378797 0.000000
v 3.638995 0.387106 0.000000
v 3.613656 0.392242 0.000000
v 3.587000 0.394000 0.000000
v 3.575957 0.393716 0.000000
v 3.565324 0.392898 0.000000
v 3.555094 0.391594 0.000000
v 3.545259 0.389852 0.000000
v 3.535814 0.387721 0.000000
v 3.526750 0.385250 0.000000
v 3.518061 0.382487 0.000000
v 3.509741 0.379482 0.000000
v 3.501781 0.376281 0.000000
v 3.494176 0.372935 0.000000
v 3.486918 0.369492 0.000000
v 3.480000 0.366000 0.000000
v 3.488161 0.389806 0.000000
v 3.498537 0.413616 0.000000
v 3.510969 0.437266 0.000000
v 3.525296 0.460593 0.000000
v 3.541360 0.483433 0.000000
v 3.559000 0.505625 0.000000
v 3.578057 0.527004 0.000000
v 3.598371 0.547407 0.000000
v 3.619782 0.566672 0.000000
v 3.642130 0.584634 0.000000
v 3.665256 0.601131 0.000000
v 3.689000 0.616000 0.000000
v 3.459000 0.265000 0.000000
v 3.469356 0.271590 0.000000
v 3.479014 0.277389 0.000000
v 3.488110 0.282438 0.000000
v 3.496778 0.286778 0.000000
v 3.505155 0.290451 0.000000
v 3.513375 0.293500 0.000000
v 3.521575 0.295965 0.000000
v 3.529889 0.297889 0.000000
v 3.538453 0.299313 0.000000
v 3.547403 0.300278 0.000000
v 3.556874 0.300826 0.000000
v 3.567000 0.301000 0.000000
v 3.582878 0.300080 0.000000
v 3.597940 0.297389 0.000000
v 3.612078 0.293031 0.000000
v 3.625185 0.287111 0.000000
v 3.637153 0.279733 0.000000
v 3.647875 0.271000 0.000000
v 3.657243 0.261017 0.000000
v 3.665148 0.249889 0.000000
v 3.671484 0.237719 0.000000
v 3.676144 0.224611 0.000000
v 3.679018 0.210670 0.000000
v 3.680000 0.196000 0.000000
v 3.679097 0.179722 0.000000
v 3.676440 0.164440 0.000000
v 3.672110 0.150234 0.000000
v 3.666185 0.137185 0.000000
v 3.658747 0.125372 0.000000
v 3.649875 0.114875 0.000000
v 3.639649 0.105774 0.000000
v 3.628148 0.098148 0.000000
v 3.615453 0.092078 0.000000
v 3.601644 0.087644 0.000000
v 3.586799 0.084924 0.000000
v 3.571000 0.084000 0.000000
v 3.553385 0.085422 0.000000
v 3.536246 0.089630 0.000000
v 3.519891 0.096531 0.000000
v 3.504630 0.106037 0.000000
v 3.490772 0.118057 0.000000
v 3.478625 0.132500 0.000000
v 3.468499 0.149277 0.000000
v 3.460704 0.168296 0.000000
v 3.455547 0.189469 0.000000
v 3.453338 0.212704 0.000000
v 3.454386 0.237911 0.000000
v 0.285000 0.359000 0.000000
v 0.582000 0.682000 0.000000
v 0.460000 0.682000 0.000000
v 0.173000 0.370000 0.000000
v 0.173000 0.682000 0.000000
v 0.075000 0.682000 0.000000
v 0.075000 0.000000 0.000000
v 0.173000 0.000000 0.000000
v 0.173000 0.337000 0.000000
v 0.520000 0.000000 0.000000
v 0.655000 0.000000 0.000000
v 1.018000 0.686000 0.000000
v 0.949000 0.686000 0.000000
v 0.656000 0.000000 0.000000
v 0.756000 0.000000 0.000000
v 0.842000 0.201000 0.000000
v 1.132000 0.201000 0.000000
v 1.223000 0.000000 0.000000
v 1.323000 0.000000 0.000000
v 0.982000 0.536000 0.000000
v 1.092000 0.289000 0.000000
v 0.880000 0.289000 0.000000
v 1.495000 0.682000 0.000000
v 1.397000 0.682000 0.000000
v 1.397000 0.000000 0.000000
v 1.803000 0.000000 0.000000
v 1.803000 0.088000 0.000000
v 1.495000 0.088000 0.000000
v 2.283000 0.341000 0.000000
v 2.281192 0.392001 0.000000
v 2.275870 0.439843 0.000000
v 2.267187 0.484281 0.000000
v 2.255296 0.525074 0.000000
v 2.240350 0.561978 0.000000
v 2.222500 0.594750 0.000000
v 2.201900 0.623147 0.000000
v 2.178704 0.646926 0.000000
v 2.153063 0.665844 0.000000
v 2.125130 0.679658 0.000000
v 2.095058 0.688124 0.000000
v 2.063000 0.691000 0.000000
v 2.030942 0.688124 0.000000
v 2.000870 0.679657 0.000000
v 1.972938 0.665844 0.000000
v 1.947296 0.646926 0.000000
v 1.924100 0.623147 0.000000
v 1.903500 0.594750 0.000000
v 1.885650 0.561978 0.000000
v 1.870704 0.525074 0.000000
v 1.858812 0.484281 0.000000
v 1.850129 0.439843 0.000000
v 1.844808 0.392001 0.000000
v 1.843000 0.341000 0.000000
v 1.844808 0.289999 0.000000
v 1.850130 0.242157 0.000000
v 1.858813 0.197719 0.000000
v 1.870704 0.156926 0.000000
v 1.885651 0.120022 0.000000
v 1.903500 0.087250 0.000000
v 1.924100 0.058853 0.000000
v 1.947297 0.035074 0.000000
v 1.972938 0.016156 0.000000
v 2.000871 0.002343 0.000000
v 2.030942 -0.006124 -0.000000
v 2.063000 -0.009000 -0.000000
v 2.095058 -0.006124 -0.000000
v 2.125130 0.002343 0.000000
v 2.153063 0.016156 0.000000
v 2.178704 0.035074 0.000000
v 2.201900 0.058853 0.000000
v 2.222500 0.087250 0.000000
v 2.240350 0.120022 0.000000
v 2.255296 0.156926 0.000000
v 2.267187 0.197719 0.000000
v 2.275870 0.242157 0.000000
v 2.281192 0.289999 0.000000
v 2.185000 0.341000 0.000000
v 2.184051 0.302332 0.000000
v 2.181241 0.266407 0.000000
v 2.176625 0.233344 0.000000
v 2.170259 0.203259 0.000000
v 2.162199 0.176272 0.000000
v 2.152500 0.152500 0.000000
v 2.141217 0.132061 0.000000
v 2.128407 0.115074 0.000000
v 2.114125 0.101656 0.000000
v 2.098426 0.091926 0.000000
v 2.081365 0.086001 0.000000
v 2.063000 0.084000 0.000000
v 2.044634 0.086001 0.000000
v 2.027574 0.091926 0.000000
v 2.011875 0.101656 0.000000
v 1.997592 0.115074 0.000000
v 1.984782 0.132061 0.000000
v 1.973500 0.152500 0.000000
v 1.963801 0.176272 0.000000
v 1.955740 0.203259 0.000000
v 1.949375 0.233344 0.000000
v 1.944759 0.266407 0.000000
v 1.941949 0.302332 0.000000
v 1.941000 0.341000 0.000000
v 1.941949 0.379668 0.000000
v 1.944759 0.415593 0.000000
v 1.949375 0.448656 0.000000
v 1.955741 0.478741 0.000000
v 1.963801 0.505728 0.000000
v 1.973500 0.529500 0.000000
v 1.984783 0.549939 0.000000
v 1.997593 0.566926 0.000000
v 2.011875 0.580344 0.000000
v 2.027575 0.590074 0.000000
v 2.044635 0.595999 0.000000
v 2.063000 0.598000 0.000000
v 2.081366 0.595999 0.000000
v 2.098426 0.590074 0.000000
v 2.114125 0.580344 0.000000
v 2.128408 0.566926 0.000000
v 2.141218 0.549939 0.000000
v 2.152500 0.529500 0.000000
v 2.162199 0.505728 0.000000
v 2.170260 0.478741 0.000000
v 2.176625 0.448656 0.000000
v 2.181241 0.415593 0.000000
v 2.184052 0.379668 0.000000
v 2.394000 0.569000 0.000000
v 2.405449 0.573982 0.000000
v 2.416343 0.578440 0.000000
v 2.426750 0.582391 0.000000
v 2.436741 0.585852 0.000000
v 2.446385 0.588841 0.000000
v 2.455750 0.591375 0.000000
v 2.464908 0.593472 0.000000
v 2.473926 0.595148 0.000000
v 2.482875 0.596422 0.000000
v 2.491824 0.597310 0.000000
v 2.500843 0.597830 0.000000
v 2.510000 0.598000 0.000000
v 2.527447 0.597196 0.000000
v 2.543741 0.594819 0.000000
v 2.558813 0.590922 0.000000
v 2.572593 0.585556 0.000000
v 2.585012 0.578773 0.000000
v 2.596000 0.570625 0.000000
v 2.605489 0.561165 0.000000
v 2.613408 0.550444 0.000000
v 2.619688 0.538516 0.000000
v 2.624260 0.525431 0.000000
v 2.627054 0.511241 0.000000
v 2.628000 0.496000 0.000000
v 2.627063 0.481028 0.000000
v 2.624250 0.467139 0.000000
v 2.619563 0.454375 0.000000
v 2.613000 0.442778 0.000000
v 2.604563 0.432389 0.000000
v 2.594250 0.423250 0.000000
v 2.582063 0.415403 0.000000
v 2.568001 0.408889 0.000000
v 2.552063 0.403750 0.000000
v 2.534250 0.400028 0.000000
v 2.514563 0.397764 0.000000
v 2.493000 0.397000 0.000000
v 2.493000 0.307000 0.000000
v 2.516250 0.307087 0.000000
v 2.537496 0.304944 0.000000
v 2.556735 0.300719 0.000000
v 2.573963 0.294556 0.000000
v 2.589178 0.286601 0.000000
v 2.602375 0.277000 0.000000
v 2.613552 0.265899 0.000000
v 2.622704 0.253444 0.000000
v 2.629828 0.239781 0.000000
v 2.634922 0.225056 0.000000
v 2.637980 0.209413 0.000000
v 2.639000 0.193000 0.000000
v 2.638115 0.176991 0.000000
v 2.635505 0.162009 0.000000
v 2.631235 0.148125 0.000000
v 2.625371 0.135407 0.000000
v 2.617979 0.123926 0.000000
v 2.609125 0.113750 0.000000
v 2.598876 0.104949 0.000000
v 2.587297 0.097593 0.000000
v 2.574454 0.091750 0.000000
v 2.560412 0.087491 0.000000
v 2.545239 0.084884 0.000000
v 2.529000 0.084000 0.000000
v 2.516499 0.084355 0.000000
v 2.503991 0.085421 0.000000
v 2.491469 0.087203 0.000000
v 2.478926 0.089704 0.000000
v 2.466355 0.092927 0.000000
v 2.453750 0.096875 0.000000
v 2.441103 0.101553 0.000000
v 2.428407 0.106963 0.000000
v 2.415656 0.113109 0.000000
v 2.402843 0.119995 0.000000
v 2.389960 0.127624 0.000000
v 2.377000 0.136000 0.000000
v 2.377000 0.030000 0.000000
v 2.389249 0.023981 0.000000
v 2.401491 0.018431 0.000000
v 2.413719 0.013359 0.000000
v 2.425926 0.008778 0.000000
v 2.438105 0.004696 0.000000
v 2.450250 0.001125 0.000000
v 2.462353 -0.001925 -0.000000
v 2.474408 -0.004444 -0.000000
v 2.486407 -0.006422 -0.000000
v 2.498343 -0.007847 -0.000000
v 2.510210 -0.008710 -0.000000
v 2.522000 -0.009000 -0.000000
v 2.552699 -0.007257 -0.000000
v 2.581676 -0.002139 -0.000000
v 2.608750 0.006188 0.000000
v 2.633741 0.017556 0.000000
v 2.656468 0.031799 0.000000
v 2.676750 0.048750 0.000000
v 2.694408 0.068243 0.000000
v 2.709260 0.090111 0.000000
v 2.721126 0.114188 0.000000
v 2.729825 0.140306 0.000000
v 2.735177 0.168299 0.000000
v 2.737000 0.198000 0.000000
v 2.736371 0.215491 0.000000
v 2.734463 0.232847 0.000000
v 2.731250 0.249891 0.000000
v 2.726704 0.266444 0.000000
v 2.720797 0.282332 0.000000
v 2.713500 0.297375 0.000000
v 2.704787 0.311398 0.000000
v 2.694630 0.324222 0.000000
v 2.683000 0.335672 0.000000
v 2.669871 0.345569 0.000000
v 2.655213 0.353738 0.000000
v 2.639000 0.360000 0.000000
v 2.653736 0.368701 0.000000
v 2.666972 0.377861 0.000000
v 2.678750 0.387563 0.000000
v 2.689111 0.397889 0.000000
v 2.698098 0.408924 0.000000
v 2.705750 0.420750 0.000000
v 2.712111 0.433451 0.000000
v 2.717223 0.447111 0.000000
v 2.721125 0.461813 0.000000
v 2.723861 0.477639 0.000000
v 2.725472 0.494674 0.000000
v 2.726000 0.513000 0.000000
v 2.724375 0.539190 0.000000
v 2.719584 0.563685 0.000000
v 2.711750 0.586375 0.000000
v 2.701000 0.607148 0.000000
v 2.687459 0.625894 0.000000
v 2.671250 0.642500 0.000000
v 2.652500 0.656857 0.000000
v 2.631333 0.668852 0.000000
v 2.607875 0.678375 0.000000
v 2.582250 0.685315 0.000000
v 2.554583 0.689560 0.000000
v 2.525000 0.691000 0.000000
v 2.512492 0.690811 0.000000
v 2.500435 0.690241 0.000000
v 2.488781 0.689281 0.000000
v 2.477482 0.687926 0.000000
v 2.466487 0.686168 0.000000
v 2.455750 0.684000 0.000000
v 2.445221 0.681415 0.000000
v 2.434852 0.678407 0.000000
v 2.424594 0.674969 0.000000
v 2.414398 0.671093 0.000000
v 2.404217 0.666772 0.000000
v 2.394000 0.662000 0.000000
v 3.279000 0.093000 0.000000
v 3.018000 0.093000 0.000000
v 3.054102 0.136478 0.000000
v 3.086482 0.176657 0.000000
v 3.115250 0.213906 0.000000
v 3.140519 0.248593 0.000000
v 3.162398 0.281085 0.000000
v 3.181000 0.311750 0.000000
v 3.196435 0.340957 0.000000
v 3.208815 0.369074 0.000000
v 3.218250 0.396469 0.000000
v 3.224852 0.423509 0.000000
v 3.228732 0.450564 0.000000
v 3.230000 0.478000 0.000000
v 3.228257 0.508660 0.000000
v 3.223135 0.537528 0.000000
v 3.214797 0.564438 0.000000
v 3.203408 0.589222 0.000000
v 3.189129 0.611715 0.000000
v 3.172125 0.631750 0.000000
v 3.152559 0.649160 0.000000
v 3.130593 0.663778 0.000000
v 3.106391 0.675438 0.000000
v 3.080116 0.683972 0.000000
v 3.051931 0.689215 0.000000
v 3.022000 0.691000 0.000000
v 3.008329 0.690561 0.000000
v 2.994797 0.689241 0.000000
v 2.981375 0.687031 0.000000
v 2.968037 0.683926 0.000000
v 2.954755 0.679918 0.000000
v 2.941500 0.675000 0.000000
v 2.928245 0.669166 0.000000
v 2.914963 0.662407 0.000000
v 2.901625 0.654719 0.000000
v 2.888204 0.646093 0.000000
v 2.874671 0.636522 0.000000
v 2.861000 0.626000 0.000000
v 2.861000 0.503000 0.000000
v 2.874648 0.519515 0.000000
v 2.888102 0.534120 0.000000
v 2.901375 0.546906 0.000000
v 2.914482 0.557963 0.000000
v 2.927436 0.567381 0.000000
v 2.940250 0.575250 0.000000
v 2.952940 0.581661 0.000000
v 2.965519 0.586704 0.000000
v 2.978000 0.590469 0.000000
v 2.990399 0.593046 0.000000
v 3.002727 0.594527 0.000000
v 3.015000 0.595000 0.000000
v 3.031377 0.593914 0.000000
v 3.046931 0.590727 0.000000
v 3.061547 0.585547 0.000000
v 3.075111 0.578481 0.000000
v 3.087509 0.569638 0.000000
v 3.098625 0.559125 0.000000
v 3.108346 0.547049 0.000000
v 3.116556 0.533518 0.000000
v 3.123141 0.518641 0.000000
v 3.127986 0.502523 0.000000
v 3.130978 0.485274 0.000000
v 3.132000 0.467000 0.000000
v 3.131670 0.453202 0.000000
v 3.130678 0.440206 0.000000
v 3.129024 0.427861 0.000000
v 3.126704 0.416016 0.000000
v 3.123717 0.404517 0.000000
v 3.120062 0.393214 0.000000
v 3.115737 0.381954 0.000000
v 3.110741 0.370587 0.000000
v 3.105070 0.358959 0.000000
v 3.098725 0.346920 0.000000
v 3.091702 0.334318 0.000000
v 3.084000 0.321000 0.000000
v 3.068585 0.295763 0.000000
v 3.051514 0.269685 0.000000
v 3.033047 0.242969 0.000000
v 3.013444 0.215815 0.000000
v 2.992967 0.188425 0.000000
v 2.971875 0.161000 0.000000
v 2.950429 0.133742 0.000000
v 2.928889 0.106852 0.000000
v 2.907516 0.080531 0.000000
v 2.886569 0.054981 0.000000
v 2.866311 0.030404 0.000000
v 2.847000 0.007000 0.000000
v 2.847000 0.000000 0.000000
v 3.279000 0.000000 0.000000
v 3.630000 0.691000 0.000000
v 3.587446 0.660466 0.000000
v 3.548320 0.627977 0.000000
v 3.512672 0.593703 0.000000
v 3.480556 0.557815 0.000000
v 3.452023 0.520482 0.000000
v 3.427125 0.481875 0.000000
v 3.405915 0.442164 0.000000
v 3.388444 0.401519 0.000000
v 3.374766 0.360109 0.000000
v 3.364931 0.318107 0.000000
v 3.358991 0.275680 0.000000
v 3.357000 0.233000 0.000000
v 3.358827 0.197988 0.000000
v 3.364199 0.165074 0.000000
v 3.372953 0.134438 0.000000
v 3.384926 0.106259 0.000000
v 3.399954 0.080720 0.000000
v 3.417875 0.058000 0.000000
v 3.438525 0.038280 0.000000
v 3.461741 0.021741 0.000000
v 3.487359 0.008563 0.000000
v 3.515218 -0.001074 -0.000000
v 3.545152 -0.006988 -0.000000
v 3.577000 -0.009000 -0.000000
v 3.603853 -0.007106 -0.000000
v 3.629736 -0.001597 -0.000000
v 3.654391 0.007266 0.000000
v 3.677556 0.019222 0.000000
v 3.698971 0.034012 0.000000
v 3.718375 0.051375 0.000000
v 3.735509 0.071050 0.000000
v 3.750111 0.092778 0.000000
v 3.761922 0.116297 0.000000
v 3.770681 0.141347 0.000000
v 3.776127 0.167668 0.000000
v 3.778000 0.195000 0.000000
v 3.776324 0.222653 0.000000
v 3.771422 0.248977 0.000000
v 3.763485 0.273766 0.000000
v 3.752704 0.296815 0.000000
v 3.739270 0.317920 0.000000
v 3.723375 0.336875 0.000000
v 3.705209 0.353476 0.000000
v 3.684963 0.367518 0.000000
v 3.662828 0.378797 0.000000
v 3.638995 0.387106 0.000000
v 3.613656 0.392242 0.000000
v 3.587000 0.394000 0.000000
v 3.575957 0.393716 0.000000
v 3.565324 0.392898 0.000000
v 3.555094 0.391594 0.000000
v 3.545259 0.389852 0.000000
v 3.535814 0.387721 0.000000
v 3.526750 0.385250 0.000000
v 3.518061 0.382487 0.000000
v 3.509741 0.379482 0.000000
v 3.501781 0.376281 0.000000
v 3.494176 0.372935 0.000000
v 3.486918 0.369492 0.000000
v 3.480000 0.366000 0.000000
v 3.488161 0.389806 0.000000
v 3.498537 0.413616 0.000000
v 3.510969 0.437266 0.000000
v 3.525296 0.460593 0.000000
v 3.541360 0.483433 0.000000
v 3.559000 0.505625 0.000000
v 3.578057 0.527004 0.000000
v 3.598371 0.547407 0.000000
v 3.619782 0.566672 0.000000
v 3.642130 0.584634 0.000000
v 3.665256 0.601131 0.000000
v 3.689000 0.616000 0.000000
v 3.459000 0.265000 0.000000
v 3.469356 0.271590 0.000000
v 3.479014 0.277389 0.000000
v 3.488110 0.282438 0.000000
v 3.496778 0.286778 0.000000
v 3.505155 0.290451 0.000000
v 3.513375 0.293500 0.000000
v 3.521575 0.295965 0.000000
v 3.529889 0.297889 0.000000
v 3.538453 0.299313 0.000000
v 3.547403 0.300278 0.000000
v 3.556874 0.300826 0.000000
v 3.567000 0.301000 0.000000
v 3.582878 0.300080 0.000000
v 3.597940 0.297389 0.000000
v 3.612078 0.293031 0.000000
v 3.625185 0.287111 0.000000
v 3.637153 0.279733 0.000000
v 3.647875 0.271000 0.000000
v 3.657243 0.261017 0.000000
v 3.665148 0.249889 0.000000
v 3.671484 0.237719 0.000000
v 3.676144 0.224611 0.000000
v 3.679018 0.210670 0.000000
v 3.680000 0.196000 0.000000
v 3.679097 0.179722 0.000000
v 3.676440 0.164440 0.000000
v 3.672110 0.150234 0.000000
v 3.666185 0.137185 0.000000
v 3.658747 0.125372 0.000000
v 3.649875 0.114875 0.000000
v 3.639649 0.105774 0.000000
v 3.628148 0.098148 0.000000
v 3.615453 0.092078 0.000000
v 3.601644 0.087644 0.000000
v 3.586799 0.084924 0.000000
v 3.571000 0.084000 0.000000
v 3.553385 0.085422 0.000000
v 3.536246 0.089630 0.000000
v 3.519891 0.096531 0.000000
v 3.504630 0.106037 0.000000
v 3.490772 0.118057 0.000000
v 3.478625 0.132500 0.000000
v 3.468499 0.149277 0.000000
v 3.460704 0.168296 0.000000
v 3.455547 0.189469 0.000000
v 3.453338 0.212704 0.000000
v 3.454386 0.237911 0.000000
v 0.285000 0.359000 0.000000
v 0.582000 0.682000 0.000000
v 0.460000 0.682000 0.000000
v 0.173000 0.370000 0.000000
v 0.173000 0.682000 0.000000
v 0.075000 0.682000 0.000000
v 0.075000 0.000000 0.000000
v 0.173000 0.000000 0.000000
v 0.173000 0.337000 0.000000
v 0.520000 0.000000 0.000000
v 0.655000 0.000000 0.000000
v 1.018000 0.686000 0.000000
v 0.949000 0.686000 0.000000
v 0.656000 0.000000 0.000000
v 0.756000 0.000000 0.000000
v 0.842000 0.201000 0.000000
v 1.132000 0.201000 0.000000
v 1.223000 0.000000 0.000000
v 1.323000 0.000000 0.000000
v 0.982000 0.536000 0.000000
v 1.092000 0.289000 0.000000
v 0.880000 0.289000 0.000000
v 1.495000 0.682000 0.000000
v 1.397000 0.682000 0.000000
v 1.397000 0.000000 0.000000
v 1.803000 0.000000 0.000000
v 1.803000 0.088000 0.000000
v 1.495000 0.088000 0.000000
v 2.283000 0.341000 0.000000
v 2.281192 0.392001 0.000000
v 2.275870 0.439843 0.000000
v 2.267187 0.484281 0.000000
v 2.255296 0.525074 0.000000
v 2.240350 0.561978 0.000000
v 2.222500 0.594750 0.000000
v 2.201900 0.623147 0.000000
v 2.178704 0.646926 0.000000
v 2.153063 0.665844 0.000000
v 2.125130 0.679658 0.000000
v 2.095058 0.688124 0.000000
v 2.063000 0.691000 0.000000
v 2.030942 0.688124 0.000000
v 2.000870 0.679657 0.000000
v 1.972938 0.665844 0.000000
v 1.947296 0.646926 0.000000
v 1.924100 0.623147 0.000000
v 1.903500 0.594750 0.000000
v 1.885650 0.561978 0.000000
v 1.870704 0.525074 0.000000
v 1.858812 0.484281 0.000000
v 1.850129 0.439843 0.000000
v 1.844808 0.392001 0.000000
v 1.843000 0.341000 0.000000
v 1.844808 0.289999 0.000000
v 1.850130 0.242157 0.000000
v 1.858813 0.197719 0.000000
v 1.870704 0.156926 0.000000
v 1.885651 0.120022 0.000000
v 1.903500 0.087250 0.000000
v 1.924100 0.058853 0.000000
v 1.947297 0.035074 0.000000
v 1.972938 0.016156 0.000000
v 2.000871 0.002343 0.000000
v 2.030942 -0.006124 -0.000000
v 2.063000 -0.009000 -0.000000
v 2.095058 -0.006124 -0.000000
v 2.125130 0.002343 0.000000
v 2.153063 0.016156 0.000000
v 2.178704 0.035074 0.000000
v 2.201900 0.058853 0.000000
v 2.222500 0.087250 0.000000
v 2.240350 0.120022 0.000000
v 2.255296 0.156926 0.000000
v 2.267187 0.197719 0.000000
v 2.275870 0.242157 0.000000
v 2.281192 0.289999 0.000000
v 2.185000 0.341000 0.000000
v 2.184051 0.302332 0.000000
v 2.181241 0.266407 0.000000
v 2.176625 0.233344 0.000000
v 2.170259 0.203259 0.000000
v 2.162199 0.176272 0.000000
v 2.152500 0.152500 0.000000
v 2.141217 0.132061 0.000000
v 2.128407 0.115074 0.000000
v 2.114125 0.101656 0.000000
v 2.098426 0.091926 0.000000
v 2.081365 0.086001 0.000000
v 2.063000 0.084000 0.000000
v 2.044634 0.086001 0.000000
v 2.027574 0.091926 0.000000
v 2.011875 0.101656 0.000000
v 1.997592 0.115074 0.000000
v 1.984782 0.132061 0.000000
v 1.973500 0.152500 0.000000
v 1.963801 0.176272 0.000000
v 1.955740 0.203259 0.000000
v 1.949375 0.233344 0.000000
v 1.944759 0.266407 0.000000
v 1.941949 0.302332 0.000000
v 1.941000 0.341000 0.000000
v 1.941949 0.379668 0.000000
v 1.944759 0.415593 0.000000
v 1.949375 0.448656 0.000000
v 1.955741 0.478741 0.000000
v 1.963801 0.505728 0.000000
v 1.973500 0.529500 0.000000
v 1.984783 0.549939 0.000000
v 1.997593 0.566926 0.000000
v 2.011875 0.580344 0.000000
v 2.027575 0.590074 0.000000
v 2.044635 0.595999 0.000000
v 2.063000 0.598000 0.000000
v 2.081366 0.595999 0.000000
v 2.098426 0.590074 0.000000
v 2.114125 0.580344 0.000000
v 2.128408 0.566926 0.000000
v 2.141218 0.549939 0.000000
v 2.152500 0.529500 0.000000
v 2.162199 0.505728 0.000000
v 2.170260 0.478741 0.000000
v 2.176625 0.448656 0.000000
v 2.181241 0.415593 0.000000
v 2.184052 0.379668 0.000000
v 2.394000 0.569000 0.000000
v 2.405449 0.573982 0.000000
v 2.416343 0.578440 0.000000
v 2.426750 0.582391 0.000000
v 2.436741 0.585852 0.000000
v 2.446385 0.588841 0.000000
v 2.455750 0.591375 0.000000
v 2.464908 0.593472 0.000000
v 2.473926 0.595148 0.000000
v 2.482875 0.596422 0.000000
v 2.491824 0.597310 0.000000
v 2.500843 0.597830 0.000000
v 2.510000 0.598000 0.000000
v 2.527447 0.597196 0.000000
v 2.543741 0.594819 0.000000
v 2.558813 0.590922 0.000000
v 2.572593 0.585556 0.000000
v 2.585012 0.578773 0.000000
v 2.596000 0.570625 0.000000
v 2.605489 0.561165 0.000000
v 2.613408 0.550444 0.000000
v 2.619688 0.538516 0.000000
v 2.624260 0.525431 0.000000
v 2.627054 0.511241 0.000000
v 2.628000 0.496000 0.000000
v 2.627063 0.481028 0.000000
v 2.624250 0.467139 0.000000
v 2.619563 0.454375 0.000000
v 2.613000 0.442778 0.000000
v 2.604563 0.432389 0.000000
v 2.594250 0.423250 0.000000
v 2.582063 0.415403 0.000000
v 2.568001 0.408889 0.000000
v 2.552063 0.403750 0.000000
v 2.534250 0.400028 0.000000
v 2.514563 0.397764 0.000000
v 2.493000 0.397000 0.000000
v 2.493000 0.307000 0.000000
v 2.516250 0.307087 0.000000
v 2.537496 0.304944 0.000000
v 2.556735 0.300719 0.000000
v 2.573963 0.294556 0.000000
v 2.589178 0.286601 0.000000
v 2.602375 0.277000 0.000000
v 2.613552 0.265899 0.000000
v 2.622704 0.253444 0.000000
v 2.629828 0.239781 0.000000
v 2.634922 0.225056 0.000000
v 2.637980 0.209413 0.000000
v 2.639000 0.193000 0.000000
v 2.638115 0.176991 0.000000
v 2.635505 0.162009 0.000000
v 2.631235 0.148125 0.000000
v 2.625371 0.135407 0.000000
v 2.617979 0.123926 0.000000
v 2.609125 0.113750 0.000000
v 2.598876 0.104949 0.000000
v 2.587297 0.097593 0.000000
v 2.574454 0.091750 0.000000
v 2.560412 0.087491 0.000000
v 2.545239 0.084884 0.000000
v 2.529000 0.084000 0.000000
v 2.516499 0.084355 0.000000
v 2.503991 0.085421 0.000000
v 2.491469 0.087203 0.000000
v 2.478926 0.089704 0.000000
v 2.466355 0.092927 0.000000
v 2.453750 0.096875 0.000000
v 2.441103 0.101553 0.000000
v 2.428407 0.106963 0.000000
v 2.415656 0.113109 0.000000
v 2.402843 0.119995 0.000000
v 2.389960 0.127624 0.000000
v 2.377000 0.136000 0.000000
v 2.377000 0.030000 0.000000
v 2.389249 0.023981 0.000000
v 2.401491 0.018431 0.000000
v 2.413719 0.013359 0.000000
v 2.425926 0.008778 0.000000
v 2.438105 0.004696 0.000000
v 2.450250 0.001125 0.000000
v 2.462353 -0.001925 -0.000000
v 2.474408 -0.004444 -0.000000
v 2.486407 -0.006422 -0.000000
v 2.498343 -0.007847 -0.000000
v 2.510210 -0.008710 -0.000000
v 2.522000 -0.009000 -0.000000
v 2.552699 -0.007257 -0.000000
v 2.581676 -0.002139 -0.000000
v 2.608750 0.006188 0.000000
v 2.633741 0.017556 0.000000
v 2.656468 0.031799 0.000000
v 2.676750 0.048750 0.000000
v 2.694408 0.068243 0.000000
v 2.709260 0.090111 0.000000
v 2.721126 0.114188 0.000000
v 2.729825 0.140306 0.000000
v 2.735177 0.168299 0.000000
v 2.737000 0.198000 0.000000
v 2.736371 0.215491 0.000000
v 2.734463 0.232847 0.000000
v 2.731250 0.249891 0.000000
v 2.726704 0.266444 0.000000
v 2.720797 0.282332 0.000000
v 2.713500 0.297375 0.000000
v 2.704787 0.311398 0.000000
v 2.694630 0.324222 0.000000
v 2.683000 0.335672 0.000000
v 2.669871 0.345569 0.000000
v 2.655213 0.353738 0.000000
v 2.639000 0.360000 0.000000
v 2.653736 0.368701 0.000000
v 2.666972 0.377861 0.000000
v 2.678750 0.387563 0.000000
v 2.689111 0.397889 0.000000
v 2.698098 0.408924 0.000000
v 2.705750 0.420750 0.000000
v 2.712111 0.433451 0.000000
v 2.717223 0.447111 0.000000
v 2.721125 0.461813 0.000000
v 2.723861 0.477639 0.000000
v 2.725472 0.494674 0.000000
v 2.726000 0.513000 0.000000
v 2.724375 0.539190 0.000000
v 2.719584 0.563685 0.000000
v 2.711750 0.586375 0.000000
v 2.701000 0.607148 0.000000
v 2.687459 0.625894 0.000000
v 2.671250 0.642500 0.000000
v 2.652500 0.656857 0.000000
v 2.631333 0.668852 0.000000
v 2.607875 0.678375 0.000000
v 2.582250 0.685315 0.000000
v 2.554583 0.689560 0.000000
v 2.525000 0.691000 0.000000
v 2.512492 0.690811 0.000000
v 2.500435 0.690241 0.000000
v 2.488781 0.689281 0.000000
v 2.477482 0.687926 0.000000
v 2.466487 0.686168 0.000000
v 2.455750 0.684000 0.000000
v 2.445221 0.681415 0.000000
v 2.434852 0.678407 0.000000
v 2.424594 0.674969 0.000000
v 2.414398 0.671093 0.000000
v 2.404217 0.666772 0.000000
v 2.394000 0.662000 0.000000
v 3.279000 0.093000 0.000000
v 3.018000 0.093000 0.000000
v 3.054102 0.136478 0.000000
v 3.086482 0.176657 0.000000
v 3.115250 0.213906 0.000000
v 3.140519 0.248593 0.000000
v 3.162398 0.281085 0.000000
v 3.181000 0.311750 0.000000
v 3.196435 0.340957 0.000000
v 3.208815 0.369074 0.000000
v 3.218250 0.396469 0.000000
v 3.224852 0.423509 0.000000
v 3.228732 0.450564 0.000000
v 3.230000 0.478000 0.000000
v 3.228257 0.508660 0.000000
v 3.223135 0.537528 0.000000
v 3.214797 0.564438 0.000000
v 3.203408 0.589222 0.000000
v 3.189129 0.611715 0.000000
v 3.172125 0.631750 0.000000
v 3.152559 0.649160 0.000000
v 3.130593 0.663778 0.000000
v 3.106391 0.675438 0.000000
v 3.080116 0.683972 0.000000
v 3.051931 0.689215 0.000000
v 3.022000 0.691000 0.000000
v 3.008329 0.690561 0.000000
v 2.994797 0.689241 0.000000
v 2.981375 0.687031 0.000000
v 2.968037 0.683926 0.000000
v 2.954755 0.679918 0.000000
v 2.941500 0.675000 0.000000
v 2.928245 0.669166 0.000000
v 2.914963 0.662407 0.000000
v 2.901625 0.654719 0.000000
v 2.888204 0.646093 0.000000
v 2.874671 0.636522 0.000000
v 2.861000 0.626000 0.000000
v 2.861000 0.503000 0.000000
v 2.874648 0.519515 0.000000
v 2.888102 0.534120 0.000000
v 2.901375 0.546906 0.000000
v 2.914482 0.557963 0.000000
v 2.927436 0.567381 0.000000
v 2.940250 0.575250 0.000000
v 2.952940 0.581661 0.000000
v 2.965519 0.586704 0.000000
v 2.978000 0.590469 0.000000
v 2.990399 0.593046 0.000000
v 3.002727 0.594527 0.000000
v 3.015000 0.595000 0.000000
v 3.031377 0.593914 0.000000
v 3.046931 0.590727 0.000000
v 3.061547 0.585547 0.000000
v 3.075111 0.578481 0.000000
v 3.087509 0.569638 0.000000
v 3.098625 0.559125 0.000000
v 3.108346 0.547049 0.000000
v 3.116556 0.533518 0.000000
v 3.123141 0.518641 0.000000
v 3.127986 0.502523 0.000000
v 3.130978 0.485274 0.000000
v 3.132000 0.467000 0.000000
v 3.131670 0.453202 0.000000
v 3.130678 0.440206 0.000000
v 3.129024 0.427861 0.000000
v 3.126704 0.416016 0.000000
v 3.123717 0.404517 0.000000
v 3.120062 0.393214 0.000000
v 3.115737 0.381954 0.000000
v 3.110741 0.370587 0.000000
v 3.105070 0.358959 0.000000
v 3.098725 0.346920 0.000000
v 3.091702 0.334318 0.000000
v 3.084000 0.321000 0.000000
v 3.068585 0.295763 0.000000
v 3.051514 0.269685 0.000000
v 3.033047 0.242969 0.000000
v 3.013444 0.215815 0.000000
v 2.992967 0.188425 0.000000
v 2.971875 0.161000 0.000000
v 2.950429 0.133742 0.000000
v 2.928889 0.106852 0.000000
v 2.907516 0.080531 0.000000
v 2.886569 0.054981 0.000000
v 2.866311 0.030404 0.000000
v 2.847000 0.007000 0.000000
v 2.847000 0.000000 0.000000
v 3.279000 0.000000 0.000000
v 3.630000 0.691000 -0.183078
v 3.587446 0.660466 -0.183078
v 3.548320 0.627977 -0.183078
v 3.512672 0.593703 -0.183078
v 3.480556 0.557815 -0.183078
v 3.452023 0.520482 -0.183078
v 3.427125 0.481875 -0.183078
v 3.405915 0.442164 -0.183078
v 3.388444 0.401519 -0.183078
v 3.374766 0.360109 -0.183078
v 3.364931 0.318107 -0.183078
v 3.358991 0.275680 -0.183078
v 3.357000 0.233000 -0.183078
v 3.358827 0.197988 -0.183078
v 3.364199 0.165074 -0.183078
v 3.372953 0.134438 -0.183078
v 3.384926 0.106259 -0.183078
v 3.399954 0.080720 -0.183078
v 3.417875 0.058000 -0.183078
v 3.438525 0.038280 -0.183078
v 3.461741 0.021741 -0.183078
v 3.487359 0.008563 -0.183078
v 3.515218 -0.001074 -0.183078
v 3.545152 -0.006988 -0.183078
v 3.577000 -0.009000 -0.183078
v 3.603853 -0.007106 -0.183078
v 3.629736 -0.001597 -0.183078
v 3.654391 0.007266 -0.183078
v 3.677556 0.019222 -0.183078
v 3.698971 0.034012 -0.183078
v 3.718375 0.051375 -0.183078
v 3.735509 0.071050 -0.183078
v 3.750111 0.092778 -0.183078
v 3.761922 0.116297 -0.183078
v 3.770681 0.141347 -0.183078
v 3.776127 0.167668 -0.183078
v 3.778000 0.195000 -0.183078
v 3.776324 0.222653 -0.183078
v 3.771422 0.248977 -0.183078
v 3.763485 0.273766 -0.183078
v 3.752704 0.296815 -0.183078
v 3.739270 0.317920 -0.183078
v 3.723375 0.336875 -0.183078
v 3.705209 0.353476 -0.183078
v 3.684963 0.367518 -0.183078
v 3.662828 0.378797 -0.183078
v 3.638995 0.387106 -0.183078
v 3.613656 0.392242 -0.183078
v 3.587000 0.394000 -0.183078
v 3.575957 0.393716 -0.183078
v 3.565324 0.392898 -0.183078
v 3.555094 0.391594 -0.183078
v 3.545259 0.389852 -0.183078
v 3.535814 0.387721 -0.183078
v 3.526750 0.385250 -0.183078
v 3.518061 0.382487 -0.183078
v 3.509741 0.379482 -0.183078
v 3.501781 0.376281 -0.183078
v 3.494176 0.372935 -0.183078
v 3.486918 0.369492 -0.183078
v 3.480000 0.366000 -0.183078
v 3.488161 0.389806 -0.183078
v 3.498537 0.413616 -0.183078
v 3.510969 0.437266 -0.183078
v 3.525296 0.460593 -0.183078
v 3.541360 0.483433 -0.183078
v 3.559000 0.505625 -0.183078
v 3.578057 0.527004 -0.183078
v 3.598371 0.547407 -0.183078
v 3.619782 0.566672 -0.183078
v 3.642130 0.584634 -0.183078
v 3.665256 0.601131 -0.183078
v 3.689000 0.616000 -0.183078
v 3.459000 0.265000 -0.183078
v 3.469356 0.271590 -0.183078
v 3.479014 0.277389 -0.183078
v 3.488110 0.282438 -0.183078
v 3.496778 0.286778 -0.183078
v 3.505155 0.290451 -0.183078
v 3.513375 0.293500 -0.183078
v 3.521575 0.295965 -0.183078
v 3.529889 0.297889 -0.183078
v 3.538453 0.299313 -0.183078
v 3.547403 0.300278 -0.183078
v 3.556874 0.300826 -0.183078
v 3.567000 0.301000 -0.183078
v 3.582878 0.300080 -0.183078
v 3.597940 0.297389 -0.183078
v 3.612078 0.293031 -0.183078
v 3.625185 0.287111 -0.183078
v 3.637153 0.279733 -0.183078
v 3.647875 0.271000 -0.183078
v 3.657243 0.261017 -0.183078
v 3.665148 0.249889 -0.183078
v 3.671484 0.237719 -0.183078
v 3.676144 0.224611 -0.183078
v 3.679018 0.210670 -0.183078
v 3.680000 0.196000 -0.183078
v 3.679097 0.179722 -0.183078
v 3.676440 0.164440 -0.183078
v 3.672110 0.150234 -0.183078
v 3.666185 0.137185 -0.183078
v 3.658747 0.125372 -0.183078
v 3.649875 0.114875 -0.183078
v 3.639649 0.105774 -0.183078
v 3.628148 0.098148 -0.183078
v 3.615453 0.092078 -0.183078
v 3.601644 0.087644 -0.183078
v 3.586799 0.084924 -0.183078
v 3.571000 0.084000 -0.183078
v 3.553385 0.085422 -0.183078
v 3.536246 0.089630 -0.183078
v 3.519891 0.096531 -0.183078
v 3.504630 0.106037 -0.183078
v 3.490772 0.118057 -0.183078
v 3.478625 0.132500 -0.183078
v 3.468499 0.149277 -0.183078
v 3.460704 0.168296 -0.183078
v 3.455547 0.189469 -0.183078
v 3.453338 0.212704 -0.183078
v 3.454386 0.237911 -0.183078
v 0.285000 0.359000 -0.183078
v 0.582000 0.682000 -0.183078
v 0.460000 0.682000 -0.183078
v 0.173000 0.370000 -0.183078
v 0.173000 0.682000 -0.183078
v 0.075000 0.682000 -0.183078
v 0.075000 0.000000 -0.183078
v 0.173000 0.000000 -0.183078
v 0.173000 0.337000 -0.183078
v 0.520000 0.000000 -0.183078
v 0.655000 0.000000 -0.183078
v 1.018000 0.686000 -0.183078
v 0.949000 0.686000 -0.183078
v 0.656000 0.000000 -0.183078
v 0.756000 0.000000 -0.183078
v 0.842000 0.201000 -0.183078
v 1.132000 0.201000 -0.183078
v 1.223000 0.000000 -0.183078
v 1.323000 0.000000 -0.183078
v 0.982000 0.536000 -0.183078
v 1.092000 0.289000 -0.183078
v 0.880000 0.289000 -0.183078
v 1.495000 0.682000 -0.183078
v 1.397000 0.682000 -0.183078
v 1.397000 0.000000 -0.183078
v 1.803000 0.000000 -0.183078
v 1.803000 0.088000 -0.183078
v 1.495000 0.088000 -0.183078
v 2.283000 0.341000 -0.183078
v 2.281192 0.392001 -0.183078
v 2.275870 0.439843 -0.183078
v 2.267187 0.484281 -0.183078
v 2.255296 0.525074 -0.183078
v 2.240350 0.561978 -0.183078
v 2.222500 0.594750 -0.183078
v 2.201900 0.623147 -0.183078
v 2.178704 0.646926 -0.183078
v 2.153063 0.665844 -0.183078
v 2.125130 0.679658 -0.183078
v 2.095058 0.688124 -0.183078
v 2.063000 0.691000 -0.183078
v 2.030942 0.688124 -0.183078
v 2.000870 0.679657 -0.183078
v 1.972938 0.665844 -0.183078
v 1.947296 0.646926 -0.183078
v 1.924100 0.623147 -0.183078
v 1.903500 0.594750 -0.183078
v 1.885650 0.561978 -0.183078
v 1.870704 0.525074 -0.183078
v 1.858812 0.484281 -0.183078
v 1.850129 0.439843 -0.183078
v 1.844808 0.392001 -0.183078
v 1.843000 0.341000 -0.183078
v 1.844808 0.289999 -0.183078
v 1.850130 0.242157 -0.183078
v 1.858813 0.197719 -0.183078
v 1.870704 0.156926 -0.183078
v 1.885651 0.120022 -0.183078
v 1.903500 0.087250 -0.183078
v 1.924100 0.058853 -0.183078
v 1.947297 0.035074 -0.183078
v 1.972938 0.016156 -0.183078
v 2.000871 0.002343 -0.183078
v 2.030942 -0.006124 -0.183078
v 2.063000 -0.009000 -0.183078
v 2.095058 -0.006124 -0.183078
v 2.125130 0.002343 -0.183078
v 2.153063 0.016156 -0.183078
v 2.178704 0.035074 -0.183078
v 2.201900 0.058853 -0.183078
v 2.222500 0.087250 -0.183078
v 2.240350 0.120022 -0.183078
v 2.255296 0.156926 -0.183078
v 2.267187 0.197719 -0.183078
v 2.275870 0.242157 -0.183078
v 2.281192 0.289999 -0.183078
v 2.185000 0.341000 -0.183078
v 2.184051 0.302332 -0.183078
v 2.181241 0.266407 -0.183078
v 2.176625 0.233344 -0.183078
v 2.170259 0.203259 -0.183078
v 2.162199 0.176272 -0.183078
v 2.152500 0.152500 -0.183078
v 2.141217 0.132061 -0.183078
v 2.128407 0.115074 -0.183078
v 2.114125 0.101656 -0.183078
v 2.098426 0.091926 -0.183078
v 2.081365 0.086001 -0.183078
v 2.063000 0.084000 -0.183078
v 2.044634 0.086001 -0.183078
v 2.027574 0.091926 -0.183078
v 2.011875 0.101656 -0.183078
v 1.997592 0.115074 -0.183078
v 1.984782 0.132061 -0.183078
v 1.973500 0.152500 -0.183078
v 1.963801 0.176272 -0.183078
v 1.955740 0.203259 -0.183078
v 1.949375 0.233344 -0.183078
v 1.944759 0.266407 -0.183078
v 1.941949 0.302332 -0.183078
v 1.941000 0.341000 -0.183078
v 1.941949 0.379668 -0.183078
v 1.944759 0.415593 -0.183078
v 1.949375 0.448656 -0.183078
v 1.955741 0.478741 -0.183078
v 1.963801 0.505728 -0.183078
v 1.973500 0.529500 -0.183078
v 1.984783 0.549939 -0.183078
v 1.997593 0.566926 -0.183078
v 2.011875 0.580344 -0.183078
v 2.027575 0.590074 -0.183078
v 2.044635 0.595999 -0.183078
v 2.063000 0.598000 -0.183078
v 2.081366 0.595999 -0.183078
v 2.098426 0.590074 -0.183078
v 2.114125 0.580344 -0.183078
v 2.128408 0.566926 -0.183078
v 2.141218 0.549939 -0.183078
v 2.152500 0.529500 -0.183078
v 2.162199 0.505728 -0.183078
v 2.170260 0.478741 -0.183078
v 2.176625 0.448656 -0.183078
v 2.181241 0.415593 -0.183078
v 2.184052 0.379668 -0.183078
v 2.394000 0.569000 -0.183078
v 2.405449 0.573982 -0.183078
v 2.416343 0.578440 -0.183078
v 2.426750 0.582391 -0.183078
v 2.436741 0.585852 -0.183078
v 2.446385 0.588841 -0.183078
v 2.455750 0.591375 -0.183078
v 2.464908 0.593472 -0.183078
v 2.473926 0.595148 -0.183078
v 2.482875 0.596422 -0.183078
v 2.491824 0.597310 -0.183078
v 2.500843 0.597830 -0.183078
v 2.510000 0.598000 -0.183078
v 2.527447 0.597196 -0.183078
v 2.543741 0.594819 -0.183078
v 2.558813 0.590922 -0.183078
v 2.572593 0.585556 -0.183078
v 2.585012 0.578773 -0.183078
v 2.596000 0.570625 -0.183078
v 2.605489 0.561165 -0.183078
v 2.613408 0.550444 -0.183078
v 2.619688 0.538516 -0.183078
v 2.624260 0.525431 -0.183078
v 2.627054 0.511241 -0.183078
v 2.628000 0.496000 -0.183078
v 2.627063 0.481028 -0.183078
v 2.624250 0.467139 -0.183078
v 2.619563 0.454375 -0.183078
v 2.613000 0.442778 -0.183078
v 2.604563 0.432389 -0.183078
v 2.594250 0.423250 -0.183078
v 2.582063 0.415403 -0.183078
v 2.568001 0.408889 -0.183078
v 2.552063 0.403750 -0.183078
v 2.534250 0.400028 -0.183078
v 2.514563 0.397764 -0.183078
v 2.493000 0.397000 -0.183078
v 2.493000 0.307000 -0.183078
v 2.516250 0.307087 -0.183078
v 2.537496 0.304944 -0.183078
v 2.556735 0.300719 -0.183078
v 2.573963 0.294556 -0.183078
v 2.589178 0.286601 -0.183078
v 2.602375 0.277000 -0.183078
v 2.613552 0.265899 -0.183078
v 2.622704 0.253444 -0.183078
v 2.629828 0.239781 -0.183078
v 2.634922 0.225056 -0.183078
v 2.637980 0.209413 -0.183078
v 2.639000 0.193000 -0.183078
v 2.638115 0.176991 -0.183078
v 2.635505 0.162009 -0.183078
v 2.631235 0.148125 -0.183078
v 2.625371 0.135407 -0.183078
v 2.617979 0.123926 -0.183078
v 2.609125 0.113750 -0.183078
v 2.598876 0.104949 -0.183078
v 2.587297 0.097593 -0.183078
v 2.574454 0.091750 -0.183078
v 2.560412 0.087491 -0.183078
v 2.545239 0.084884 -0.183078
v 2.529000 0.084000 -0.183078
v 2.516499 0.084355 -0.183078
v 2.503991 0.085421 -0.183078
v 2.491469 0.087203 -0.183078
v 2.478926 0.089704 -0.183078
v 2.466355 0.092927 -0.183078
v 2.453750 0.096875 -0.183078
v 2.441103 0.101553 -0.183078
v 2.428407 0.106963 -0.183078
v 2.415656 0.113109 -0.183078
v 2.402843 0.119995 -0.183078
v 2.389960 0.127624 -0.183078
v 2.377000 0.136000 -0.183078
v 2.377000 0.030000 -0.183078
v 2.389249 0.023981 -0.183078
v 2.401491 0.018431 -0.183078
v 2.413719 0.013359 -0.183078
v 2.425926 0.008778 -0.183078
v 2.438105 0.004696 -0.183078
v 2.450250 0.001125 -0.183078
v 2.462353 -0.001925 -0.183078
v 2.474408 -0.004444 -0.183078
v 2.486407 -0.006422 -0.183078
v 2.498343 -0.007847 -0.183078
v 2.510210 -0.008710 -0.183078
v 2.522000 -0.009000 -0.183078
v 2.552699 -0.007257 -0.183078
v 2.581676 -0.002139 -0.183078
v 2.608750 0.006188 -0.183078
v 2.633741 0.017556 -0.183078
v 2.656468 0.031799 -0.183078
v 2.676750 0.048750 -0.183078
v 2.694408 0.068243 -0.183078
v 2.709260 0.090111 -0.183078
v 2.721126 0.114188 -0.183078
v 2.729825 0.140306 -0.183078
v 2.735177 0.168299 -0.183078
v 2.737000 0.198000 -0.183078
v 2.736371 0.215491 -0.183078
v 2.734463 0.232847 -0.183078
v 2.731250 0.249891 -0.183078
v 2.726704 0.266444 -0.183078
v 2.720797 0.282332 -0.183078
v 2.713500 0.297375 -0.183078
v 2.704787 0.311398 -0.183078
v 2.694630 0.324222 -0.183078
v 2.683000 0.335672 -0.183078
v 2.669871 0.345569 -0.183078
v 2.655213 0.353738 -0.183078
v 2.639000 0.360000 -0.183078
v 2.653736 0.368701 -0.183078
v 2.666972 0.377861 -0.183078
v 2.678750 0.387563 -0.183078
v 2.689111 0.397889 -0.183078
v 2.698098 0.408924 -0.183078
v 2.705750 0.420750 -0.183078
v 2.712111 0.433451 -0.183078
v 2.717223 0.447111 -0.183078
v 2.721125 0.461813 -0.183078
v 2.723861 0.477639 -0.183078
v 2.725472 0.494674 -0.183078
v 2.726000 0.513000 -0.183078
v 2.724375 0.539190 -0.183078
v 2.719584 0.563685 -0.183078
v 2.711750 0.586375 -0.183078
v 2.701000 0.607148 -0.183078
v 2.687459 0.625894 -0.183078
v 2.671250 0.642500 -0.183078
v 2.652500 0.656857 -0.183078
v 2.631333 0.668852 -0.183078
v 2.607875 0.678375 -0.183078
v 2.582250 0.685315 -0.183078
v 2.554583 0.689560 -0.183078
v 2.525000 0.691000 -0.183078
v 2.512492 0.690811 -0.183078
v 2.500435 0.690241 -0.183078
v 2.488781 0.689281 -0.183078
v 2.477482 0.687926 -0.183078
v 2.466487 0.686168 -0.183078
v 2.455750 0.684000 -0.183078
v 2.445221 0.681415 -0.183078
v 2.434852 0.678407 -0.183078
v 2.424594 0.674969 -0.183078
v 2.414398 0.671093 -0.183078
v 2.404217 0.666772 -0.183078
v 2.394000 0.662000 -0.183078
v 3.279000 0.093000 -0.183078
v 3.018000 0.093000 -0.183078
v 3.054102 0.136478 -0.183078
v 3.086482 0.176657 -0.183078
v 3.115250 0.213906 -0.183078
v 3.140519 0.248593 -0.183078
v 3.162398 0.281085 -0.183078
v 3.181000 0.311750 -0.183078
v 3.196435 0.340957 -0.183078
v 3.208815 0.369074 -0.183078
v 3.218250 0.396469 -0.183078
v 3.224852 0.423509 -0.183078
v 3.228732 0.450564 -0.183078
v 3.230000 0.478000 -0.183078
v 3.228257 0.508660 -0.183078
v 3.223135 0.537528 -0.183078
v 3.214797 0.564438 -0.183078
v 3.203408 0.589222 -0.183078
v 3.189129 0.611715 -0.183078
v 3.172125 0.631750 -0.183078
v 3.152559 0.649160 -0.183078
v 3.130593 0.663778 -0.183078
v 3.106391 0.675438 -0.183078
v 3.080116 0.683972 -0.183078
v 3.051931 0.689215 -0.183078
v 3.022000 0.691000 -0.183078
v 3.008329 0.690561 -0.183078
v 2.994797 0.689241 -0.183078
v 2.981375 0.687031 -0.183078
v 2.968037 0.683926 -0.183078
v 2.954755 0.679918 -0.183078
v 2.941500 0.675000 -0.183078
v 2.928245 0.669166 -0.183078
v 2.914963 0.662407 -0.183078
v 2.901625 0.654719 -0.183078
v 2.888204 0.646093 -0.183078
v 2.874671 0.636522 -0.183078
v 2.861000 0.626000 -0.183078
v 2.861000 0.503000 -0.183078
v 2.874648 0.519515 -0.183078
v 2.888102 0.534120 -0.183078
v 2.901375 0.546906 -0.183078
v 2.914482 0.557963 -0.183078
v 2.927436 0.567381 -0.183078
v 2.940250 0.575250 -0.183078
v 2.952940 0.581661 -0.183078
v 2.965519 0.586704 -0.183078
v 2.978000 0.590469 -0.183078
v 2.990399 0.593046 -0.183078
v 3.002727 0.594527 -0.183078
v 3.015000 0.595000 -0.183078
v 3.031377 0.593914 -0.183078
v 3.046931 0.590727 -0.183078
v 3.061547 0.585547 -0.183078
v 3.075111 0.578481 -0.183078
v 3.087509 0.569638 -0.183078
v 3.098625 0.559125 -0.183078
v 3.108346 0.547049 -0.183078
v 3.116556 0.533518 -0.183078
v 3.123141 0.518641 -0.183078
v 3.127986 0.502523 -0.183078
v 3.130978 0.485274 -0.183078
v 3.132000 0.467000 -0.183078
v 3.131670 0.453202 -0.183078
v 3.130678 0.440206 -0.183078
v 3.129024 0.427861 -0.183078
v 3.126704 0.416016 -0.183078
v 3.123717 0.404517 -0.183078
v 3.120062 0.393214 -0.183078
v 3.115737 0.381954 -0.183078
v 3.110741 0.370587 -0.183078
v 3.105070 0.358959 -0.183078
v 3.098725 0.346920 -0.183078
v 3.091702 0.334318 -0.183078
v 3.084000 0.321000 -0.183078
v 3.068585 0.295763 -0.183078
v 3.051514 0.269685 -0.183078
v 3.033047 0.242969 -0.183078
v 3.013444 0.215815 -0.183078
v 2.992967 0.188425 -0.183078
v 2.971875 0.161000 -0.183078
v 2.950429 0.133742 -0.183078
v 2.928889 0.106852 -0.183078
v 2.907516 0.080531 -0.183078
v 2.886569 0.054981 -0.183078
v 2.866311 0.030404 -0.183078
v 2.847000 0.007000 -0.183078
v 2.847000 0.000000 -0.183078
v 3.279000 0.000000 -0.183078
vn -0.0000 -0.0000 1.0000
vn -0.5938 0.8046 -0.0000
vn -0.6099 0.7925 -0.0000
vn 0.3587 0.9335 -0.0000
vn 0.1810 0.9835 -0.0000
vn 0.3723 0.9281 -0.0000
vn 0.2464 0.9692 -0.0000
vn 0.9691 -0.2468 -0.0000
vn 0.9431 -0.3324 -0.0000
vn -0.7997 0.6004 -0.0000
vn -0.7048 0.7094 -0.0000
vn 0.3146 0.9492 -0.0000
vn 0.4602 0.8878 -0.0000
vn 0.9022 -0.4313 -0.0000
vn 0.8391 -0.5440 -0.0000
vn -0.6569 0.7540 -0.0000
vn -0.7647 0.6444 -0.0000
vn 0.9981 -0.0615 -0.0000
vn 0.9999 0.0166 -0.0000
vn 0.9885 0.1513 -0.0000
vn 0.9717 0.2361 -0.0000
vn 0.9933 0.1159 -0.0000
vn 0.9718 0.2358 -0.0000
vn 0.9657 0.2598 -0.0000
vn 0.9191 0.3940 -0.0000
vn -0.9184 -0.3957 -0.0000
vn -0.9656 -0.2600 -0.0000
vn 0.6569 0.7540 -0.0000
vn 0.5205 0.8539 -0.0000
vn 1.0000 -0.0000 -0.0000
vn 0.9637 -0.2669 -0.0000
vn 0.9907 -0.1358 -0.0000
vn 0.9941 0.1082 -0.0000
vn 0.9987 0.0513 -0.0000
vn 0.6109 0.7917 -0.0000
vn 0.4952 0.8688 -0.0000
vn -0.6664 0.7456 -0.0000
vn -0.7196 0.6944 -0.0000
vn -0.7784 0.6278 -0.0000
vn -0.7748 0.6322 -0.0000
vn -0.3990 -0.9170 -0.0000
vn -0.5226 -0.8526 -0.0000
vn -0.0000 1.0000 -0.0000
vn 0.9973 0.0730 -0.0000
vn -0.7161 0.6980 -0.0000
vn -0.6103 0.7922 -0.0000
vn 0.8425 -0.5388 -0.0000
vn 0.8699 -0.4932 -0.0000
vn 0.9956 -0.0942 -0.0000
vn 1.0000 0.0053 -0.0000
vn 0.9194 -0.3934 -0.0000
vn -0.4932 0.8699 -0.0000
vn -0.0484 -0.9988 -0.0000
vn -0.1577 -0.9875 -0.0000
vn -0.9631 -0.2691 -0.0000
vn -0.9909 -0.1347 -0.0000
vn 0.2739 -0.9618 -0.0000
vn 0.3993 -0.9168 -0.0000
vn 0.7999 -0.6001 -0.0000
vn 0.8190 -0.5738 -0.0000
vn 0.8180 0.5753 -0.0000
vn 0.7442 0.6680 -0.0000
vn -0.6041 0.7969 -0.0000
vn -0.4820 0.8762 -0.0000
vn -0.2680 -0.9634 -0.0000
vn -0.7397 -0.6729 -0.0000
vn -0.6371 -0.7708 -0.0000
vn -0.9073 0.4204 -0.0000
vn -0.8918 0.4524 -0.0000
vn 0.5457 0.8380 -0.0000
vn 0.4246 0.9054 -0.0000
vn -0.9650 -0.2622 -0.0000
vn -0.9918 -0.1279 -0.0000
vn -0.9022 0.4313 -0.0000
vn -0.8391 0.5441 -0.0000
vn -0.9196 0.3928 -0.0000
vn -1.0000 -0.0057 -0.0000
vn -0.9830 0.1835 -0.0000
vn -0.9957 0.0927 -0.0000
vn -0.9751 0.2219 -0.0000
vn -0.9601 0.2797 -0.0000
vn -0.3367 0.9416 -0.0000
vn -0.3731 0.9278 -0.0000
vn -0.1976 -0.9803 -0.0000
vn -0.3072 -0.9517 -0.0000
vn -0.2356 -0.9718 -0.0000
vn -0.3538 -0.9353 -0.0000
vn -0.4692 -0.8831 -0.0000
vn 0.4736 -0.8807 -0.0000
vn 0.5875 -0.8092 -0.0000
vn 0.3748 -0.9271 -0.0000
vn 0.3180 -0.9481 -0.0000
vn 0.9885 -0.1513 -0.0000
vn 0.9973 -0.0730 -0.0000
vn -0.0312 0.9995 -0.0000
vn -0.0647 0.9979 -0.0000
vn 0.3117 -0.9502 -0.0000
vn 0.2787 -0.9604 -0.0000
vn -0.8865 -0.4627 -0.0000
vn -0.9379 -0.3470 -0.0000
vn 0.9922 -0.1248 -0.0000
vn 0.9999 -0.0127 -0.0000
vn -0.9691 -0.2468 -0.0000
vn -0.9850 -0.1727 -0.0000
vn 0.3587 -0.9335 -0.0000
vn 0.5205 -0.8539 -0.0000
vn 0.2568 -0.9665 -0.0000
vn -0.0138 -0.9999 -0.0000
vn -0.1338 -0.9910 -0.0000
vn 0.3547 -0.9350 -0.0000
vn 0.1948 -0.9808 -0.0000
vn 0.5560 -0.8312 -0.0000
vn 0.5307 -0.8475 -0.0000
vn 0.0826 -0.9966 -0.0000
vn 0.0375 -0.9993 -0.0000
vn 0.8934 0.4493 -0.0000
vn 0.9511 0.3088 -0.0000
vn -0.8456 -0.5339 -0.0000
vn -0.7647 -0.6444 -0.0000
vn -0.2245 -0.9745 -0.0000
vn -0.1836 -0.9830 -0.0000
vn -0.0000 -1.0000 -0.0000
vn -0.2196 -0.9756 -0.0000
vn 0.6168 -0.7871 -0.0000
vn 0.5561 -0.8311 -0.0000
vn 0.9769 -0.2137 -0.0000
vn 0.9912 -0.1323 -0.0000
vn -0.9885 0.1513 -0.0000
vn -0.9973 0.0730 -0.0000
vn -1.0000 -0.0000 -0.0000
vn -0.5202 0.8540 -0.0000
vn -0.5592 0.8290 -0.0000
vn -0.7715 0.6362 -0.0000
vn -0.7713 0.6364 -0.0000
vn -0.0956 -0.9954 -0.0000
vn -0.0486 -0.9988 -0.0000
vn -0.6819 -0.7315 -0.0000
vn -0.7740 -0.6332 -0.0000
vn -0.8804 0.4742 -0.0000
vn -0.8070 0.5906 -0.0000
vn -0.3215 0.9469 -0.0000
vn -0.3564 0.9343 -0.0000
vn 0.7860 0.6183 -0.0000
vn -0.3587 0.9335 -0.0000
vn -0.5205 0.8539 -0.0000
vn 0.5391 -0.8422 -0.0000
vn 0.6029 -0.7978 -0.0000
vn 0.2220 0.9750 -0.0000
vn 0.2737 0.9618 -0.0000
vn -0.3981 -0.9174 -0.0000
vn -0.3673 -0.9301 -0.0000
vn 0.9691 0.2468 -0.0000
vn 0.9850 0.1727 -0.0000
vn -0.0646 0.9979 -0.0000
vn -0.1299 0.9915 -0.0000
vn 0.8354 -0.5496 -0.0000
vn 0.8007 -0.5990 -0.0000
vn -0.7893 0.6140 -0.0000
vn -0.7832 0.6218 -0.0000
vn 0.8456 0.5339 -0.0000
vn 0.7647 0.6444 -0.0000
vn 0.0168 0.9999 -0.0000
vn 0.8053 0.5929 -0.0000
vn 0.7153 0.6988 -0.0000
vn -0.8531 -0.5217 -0.0000
vn -0.9168 -0.3993 -0.0000
vn 0.6716 -0.7409 -0.0000
vn 0.7417 -0.6708 -0.0000
vn 0.1325 0.9912 -0.0000
vn 0.0201 0.9998 -0.0000
vn 0.9595 -0.2817 -0.0000
vn 0.9818 -0.1898 -0.0000
vn -0.4763 0.8793 -0.0000
vn -0.3530 0.9356 -0.0000
vn 0.2196 0.9756 -0.0000
vn -0.1779 0.9840 -0.0000
vn -0.2182 0.9759 -0.0000
vn -0.7704 0.6375 -0.0000
vn -0.8791 0.4766 -0.0000
vn -0.8696 0.4937 -0.0000
vn 0.8682 -0.4963 -0.0000
vn 0.9167 -0.3997 -0.0000
vn 0.9310 0.3650 -0.0000
vn 0.8765 0.4813 -0.0000
vn 0.3696 0.9292 -0.0000
vn 0.4132 0.9106 -0.0000
vn 0.9250 -0.3799 -0.0000
vn 0.9676 -0.2524 -0.0000
vn -1.0000 -0.0034 -0.0000
vn -0.9935 0.1136 -0.0000
vn -0.3879 0.9217 -0.0000
vn 0.7740 -0.6332 -0.0000
vn 0.7851 -0.6194 -0.0000
vn 0.7936 -0.6084 -0.0000
vn 0.8635 -0.5043 -0.0000
vn -0.1120 0.9937 -0.0000
vn -0.0130 0.9999 -0.0000
vn -0.2586 0.9660 -0.0000
vn -0.2983 0.9545 -0.0000
vn -0.4010 -0.9161 -0.0000
vn -0.5272 -0.8497 -0.0000
vn -0.0512 0.9987 -0.0000
vn -0.9691 0.2468 -0.0000
vn -0.9432 0.3324 -0.0000
vn 0.0137 0.9999 -0.0000
vn -0.9945 0.1045 -0.0000
vn -0.9867 0.1626 -0.0000
vn -0.9340 0.3571 -0.0000
vn -0.8766 0.4812 -0.0000
vn 0.4301 0.9028 -0.0000
vn 0.6088 0.7933 -0.0000
vn -0.1287 -0.9917 -0.0000
vn 0.0037 -1.0000 -0.0000
vn 0.8067 0.5910 -0.0000
vn 0.9447 -0.3280 -0.0000
vn 0.9717 -0.2361 -0.0000
vn -0.7360 0.6770 -0.0000
vn 0.6479 -0.7617 -0.0000
vn 0.6039 -0.7971 -0.0000
vn -0.2561 0.9667 -0.0000
vn -0.1596 0.9872 -0.0000
vn -0.7347 -0.6783 -0.0000
vn -0.8187 -0.5742 -0.0000
vn 0.1003 0.9950 -0.0000
vn -0.3000 -0.9539 -0.0000
vn -0.2633 -0.9647 -0.0000
vn -0.9427 -0.3335 -0.0000
vn -0.8930 -0.4501 -0.0000
vn -0.7575 -0.6528 -0.0000
vn -0.8487 -0.5288 -0.0000
vn -0.9914 0.1308 -0.0000
vn -0.9622 0.2724 -0.0000
vn 0.9207 -0.3902 -0.0000
vn -0.9012 0.4334 -0.0000
vn -0.9350 0.3546 -0.0000
vn -0.9987 0.0500 -0.0000
vn 0.8132 0.5820 -0.0000
vn -0.5388 -0.8425 -0.0000
vn -0.6526 -0.7577 -0.0000
vn 0.1396 -0.9902 -0.0000
vn 0.9321 -0.3622 -0.0000
vn 0.9015 -0.4327 -0.0000
vn 0.1199 -0.9928 -0.0000
vn 0.0782 -0.9969 -0.0000
vn -0.8262 0.5634 -0.0000
vn -0.7222 0.6917 -0.0000
vn 0.1810 -0.9835 -0.0000
vn 0.4916 0.8708 -0.0000
vn 0.5263 0.8503 -0.0000
vn 0.9861 0.1661 -0.0000
vn -0.8254 -0.5645 -0.0000
vn 0.1615 -0.9869 -0.0000
vn 0.0789 -0.9969 -0.0000
vn 0.3889 -0.9213 -0.0000
vn 0.3668 -0.9303 -0.0000
vn -0.9447 -0.3280 -0.0000
vn -0.9040 -0.4275 -0.0000
vn 0.7652 0.6438 -0.0000
vn 0.6635 0.7482 -0.0000
vn 0.7150 -0.6992 -0.0000
vn 0.6696 -0.7427 -0.0000
vn -0.2435 0.9699 -0.0000
vn -0.1195 0.9928 -0.0000
vn -0.8470 -0.5315 -0.0000
vn -0.9170 -0.3989 -0.0000
vn -0.9447 0.3280 -0.0000
vn -0.9717 0.2361 -0.0000
vn 0.9527 -0.3039 -0.0000
vn -0.2416 0.9704 -0.0000
vn -0.2831 0.9591 -0.0000
vn -0.9626 0.2711 -0.0000
vn -0.4284 0.9036 -0.0000
vn -0.4766 0.8791 -0.0000
vn 0.1130 0.9936 -0.0000
vn 0.1683 0.9857 -0.0000
vn -0.0953 -0.9954 -0.0000
vn 0.9891 0.1474 -0.0000
vn 0.9743 0.2252 -0.0000
vn -0.5830 0.8125 -0.0000
vn -0.6113 0.7914 -0.0000
vn 0.3925 0.9197 -0.0000
vn 0.2645 0.9644 -0.0000
vn -0.8391 -0.5441 -0.0000
vn -0.9022 -0.4313 -0.0000
vn -0.1810 0.9835 -0.0000
vn -0.5954 0.8034 -0.0000
vn 0.6088 -0.7933 -0.0000
vn 0.4301 -0.9028 -0.0000
vn 0.1214 0.9926 -0.0000
vn 0.9925 0.1220 -0.0000
vn 0.9697 0.2445 -0.0000
vn -0.9919 -0.1272 -0.0000
vn 0.9987 -0.0513 -0.0000
vn 0.9941 -0.1082 -0.0000
vn 0.9447 0.3280 -0.0000
vn 0.9040 0.4275 -0.0000
vn 0.6188 -0.7856 -0.0000
vn 0.7119 -0.7023 -0.0000
vn 0.9339 0.3575 -0.0000
vn 0.8785 0.4778 -0.0000
vn -0.2762 -0.9611 -0.0000
vn -0.7968 0.6042 -0.0000
vn -0.3932 -0.9195 -0.0000
vn -0.2610 -0.9653 -0.0000
vn 0.8391 0.5440 -0.0000
vn 0.9022 0.4313 -0.0000
vn 0.6964 0.7177 -0.0000
vn -0.3643 0.9313 -0.0000
vn 0.9002 -0.4354 -0.0000
vn 0.9312 -0.3646 -0.0000
vn 0.9517 0.3070 -0.0000
vn -0.9943 -0.1068 -0.0000
vn -0.9759 -0.2183 -0.0000
vn -1.0000 0.0003 -0.0000
vn -0.9110 -0.4124 -0.0000
vn -0.6088 0.7933 -0.0000
vn -0.4301 0.9028 -0.0000
vn -0.8181 0.5751 -0.0000
vn -0.8620 0.5070 -0.0000
vn 0.2196 -0.9756 -0.0000
vn 0.7861 -0.6181 -0.0000
vn 0.8642 -0.5032 -0.0000
vn -0.4220 -0.9066 -0.0000
vn -0.9987 0.0513 -0.0000
vn -0.9941 0.1082 -0.0000
vn 0.2030 -0.9792 -0.0000
vn 0.1619 -0.9868 -0.0000
vn -0.6354 -0.7722 -0.0000
vn -0.6967 -0.7174 -0.0000
vn 0.7647 -0.6444 -0.0000
vn 0.8456 -0.5339 -0.0000
vn 0.4248 -0.9053 -0.0000
vn -0.6088 -0.7933 -0.0000
vn -0.7443 -0.6679 -0.0000
vn 0.2464 -0.9692 -0.0000
vn 0.7361 -0.6769 -0.0000
vn 0.0161 -0.9999 -0.0000
vn 0.1155 -0.9933 -0.0000
vn 0.2344 -0.9721 -0.0000
vn -0.5205 -0.8539 -0.0000
vn -0.3587 -0.9335 -0.0000
vn 0.3194 0.9476 -0.0000
vn 0.2069 0.9784 -0.0000
vn 0.9945 -0.1049 -0.0000
vn 0.9858 -0.1679 -0.0000
vn 0.7443 -0.6679 -0.0000
vn 0.7534 -0.6575 -0.0000
vn -0.9973 -0.0730 -0.0000
vn -0.9885 -0.1513 -0.0000
vn -0.3755 0.9268 -0.0000
vn 0.5938 0.8046 -0.0000
vn 0.7125 0.7017 -0.0000
vn 0.7278 -0.6857 -0.0000
vn 0.6890 -0.7247 -0.0000
vn -0.8456 0.5339 -0.0000
vn -0.3346 -0.9424 -0.0000
vn 0.5145 -0.8575 -0.0000
vn 0.8517 0.5240 -0.0000
vn 0.7220 0.6919 -0.0000
vn 0.6237 0.7817 -0.0000
vn -0.8167 0.5770 -0.0000
vn -0.8059 0.5921 -0.0000
vn -0.0204 -0.9998 -0.0000
vn -0.1171 -0.9931 -0.0000
vn -0.4397 0.8982 -0.0000
vn -0.4506 0.8927 -0.0000
vn 0.7443 0.6679 -0.0000
vn 0.4539 0.8910 -0.0000
vn -0.3694 0.9293 -0.0000
vn -0.1505 0.9886 -0.0000
vn -0.1973 0.9803 -0.0000
vn 0.8087 -0.5882 -0.0000
vn 0.0567 0.9984 -0.0000
vn -0.9247 0.3806 -0.0000
vn 0.0111 0.9999 -0.0000
vn 0.1600 0.9871 -0.0000
vn 0.5131 0.8583 -0.0000
vn -0.7443 0.6679 -0.0000
vn 1.0000 -0.0039 -0.0000
vn -0.9935 0.1135 -0.0000
vn 0.6532 0.7572 -0.0000
vn 0.6569 -0.7540 -0.0000
vn -0.1385 0.9904 -0.0000
vn -0.5794 -0.8150 -0.0000
vn 0.9974 0.0727 -0.0000
vn -0.5202 -0.8541 -0.0000
vn 0.4119 -0.9112 -0.0000
vn 0.3308 -0.9437 -0.0000
vn 0.4355 0.9002 -0.0000
vn -0.6569 -0.7540 -0.0000
vn -1.0000 -0.0028 -0.0000
vn 0.6929 -0.7211 -0.0000
vn 0.9919 0.1272 -0.0000
vn -0.9732 -0.2298 -0.0000
vn -0.9935 -0.1136 -0.0000
vn 0.9432 0.3324 -0.0000
vn 0.5369 -0.8437 -0.0000
vn 0.5259 -0.8506 -0.0000
vn -0.1406 -0.9901 -0.0000
vn 0.2422 -0.9702 -0.0000
vn 0.7650 -0.6441 -0.0000
vn -0.9941 -0.1082 -0.0000
vn -0.4270 -0.9042 -0.0000
vn -0.4301 -0.9028 -0.0000
vn -0.4157 0.9095 -0.0000
vn 0.3230 0.9464 -0.0000
vn -0.1016 0.9948 -0.0000
vn -0.2302 0.9731 -0.0000
vn 0.9243 -0.3817 -0.0000
vn 0.8691 -0.4946 -0.0000
vn -0.7725 0.6350 -0.0000
vn -0.9135 -0.4068 -0.0000
vn 0.9138 0.4063 -0.0000
vn -0.9724 0.2333 -0.0000
vn 0.1357 -0.9908 -0.0000
vn -0.8451 0.5346 -0.0000
vn -0.8297 0.5582 -0.0000
vn -0.6484 -0.7613 -0.0000
vn -0.1006 0.9949 -0.0000
vn -0.9428 0.3332 -0.0000
vn 0.5001 -0.8660 -0.0000
vn 0.4666 -0.8845 -0.0000
vn -0.0749 0.9972 -0.0000
vn -0.0354 0.9994 -0.0000
vn 0.5518 0.8340 -0.0000
vn -0.4410 -0.8975 -0.0000
vn -0.9075 0.4200 -0.0000
vn -0.7573 -0.6530 -0.0000
vn 0.0381 -0.9993 -0.0000
vn 0.3412 -0.9400 -0.0000
vn 0.4875 -0.8731 -0.0000
vn -0.9432 -0.3324 -0.0000
vn -0.9355 0.3532 -0.0000
vn -0.4070 0.9134 -0.0000
vn -0.2580 0.9662 -0.0000
vn -0.3185 0.9479 -0.0000
vn 0.8758 0.4827 -0.0000
vn 0.9850 -0.1727 -0.0000
vn -0.8596 0.5110 -0.0000
vn -0.2196 0.9756 -0.0000
vn -0.9850 0.1727 -0.0000
vn -0.9999 -0.0160 -0.0000
vn 0.5428 0.8399 -0.0000
vn 0.9460 -0.3243 -0.0000
vn 0.9040 -0.4275 -0.0000
vn 0.3990 -0.9169 -0.0000
vn -0.1810 -0.9835 -0.0000
vn 0.5085 -0.8611 -0.0000
vn -0.9727 0.2319 -0.0000
vn -0.9717 -0.2361 -0.0000
vn 0.9196 0.3929 -0.0000
vn -0.9040 0.4275 -0.0000
vn -0.1947 0.9809 -0.0000
vn 0.3603 0.9328 -0.0000
vn 0.9996 0.0266 -0.0000
vn -0.4232 0.9060 -0.0000
vn 0.7694 -0.6388 -0.0000
vn 0.7708 -0.6370 -0.0000
vn -0.9987 -0.0513 -0.0000
vn -0.0000 -0.0000 -1.0000
vt 0.000000 0.000000
vt 1.000000 0.000000
vt 1.000000 1.000000
vt 0.000000 1.000000
s 1
usemtl Material.001
f 128/1/1 126/2/1 127/3/1
f 128/1/1 125/2/1 126/3/1
f 125/1/1 123/2/1 124/3/1
f 125/1/1 122/2/1 123/3/1
f 128/1/1 130/2/1 125/3/1
f 130/1/1 122/2/1 125/3/1
f 130/1/1 132/2/1 122/3/1
f 128/1/1 129/2/1 130/3/1
f 131/1/1 132/2/1 130/3/1
f 135/1/1 133/2/1 134/3/1
f 135/1/1 141/2/1 133/3/1
f 141/1/1 140/2/1 133/3/1
f 135/1/1 143/2/1 141/3/1
f 142/1/1 140/2/1 141/3/1
f 135/1/1 137/2/1 143/3/1
f 137/1/1 142/2/1 143/3/1
f 137/1/1 138/2/1 142/3/1
f 138/1/1 140/2/1 142/3/1
f 135/1/1 136/2/1 137/3/1
f 139/1/1 140/2/1 138/3/1
f 146/1/1 144/2/1 145/3/1
f 146/1/1 149/2/1 144/3/1
f 146/1/1 148/2/1 149/3/1
f 146/1/1 147/2/1 148/3/1
f 163/1/1 161/2/1 162/3/1
f 163/1/1 160/2/1 161/3/1
f 164/1/1 160/2/1 163/3/1
f 164/1/1 159/2/1 160/3/1
f 165/1/1 159/2/1 164/3/1
f 165/1/1 158/2/1 159/3/1
f 166/1/1 158/2/1 165/3/1
f 167/1/1 158/2/1 166/3/1
f 167/1/1 157/2/1 158/3/1
f 168/1/1 157/2/1 167/3/1
f 168/1/1 234/2/1 157/3/1
f 234/1/1 156/2/1 157/3/1
f 168/1/1 233/2/1 234/3/1
f 235/1/1 156/2/1 234/3/1
f 168/1/1 232/2/1 233/3/1
f 236/1/1 156/2/1 235/3/1
f 169/1/1 232/2/1 168/3/1
f 236/1/1 155/2/1 156/3/1
f 169/1/1 231/2/1 232/3/1
f 237/1/1 155/2/1 236/3/1
f 169/1/1 230/2/1 231/3/1
f 238/1/1 155/2/1 237/3/1
f 169/1/1 229/2/1 230/3/1
f 239/1/1 155/2/1 238/3/1
f 170/1/1 229/2/1 169/3/1
f 239/1/1 154/2/1 155/3/1
f 170/1/1 228/2/1 229/3/1
f 240/1/1 154/2/1 239/3/1
f 170/1/1 227/2/1 228/3/1
f 241/1/1 154/2/1 240/3/1
f 171/1/1 227/2/1 170/3/1
f 241/1/1 153/2/1 154/3/1
f 171/1/1 226/2/1 227/3/1
f 242/1/1 153/2/1 241/3/1
f 172/1/1 226/2/1 171/3/1
f 242/1/1 152/2/1 153/3/1
f 172/1/1 225/2/1 226/3/1
f 243/1/1 152/2/1 242/3/1
f 172/1/1 224/2/1 225/3/1
f 244/1/1 152/2/1 243/3/1
f 173/1/1 224/2/1 172/3/1
f 244/1/1 151/2/1 152/3/1
f 173/1/1 223/2/1 224/3/1
f 245/1/1 151/2/1 244/3/1
f 174/1/1 223/2/1 173/3/1
f 245/1/1 150/2/1 151/3/1
f 174/1/1 222/2/1 223/3/1
f 198/1/1 150/2/1 245/3/1
f 175/1/1 222/2/1 174/3/1
f 175/1/1 221/2/1 222/3/1
f 199/1/1 150/2/1 198/3/1
f 199/1/1 197/2/1 150/3/1
f 175/1/1 220/2/1 221/3/1
f 200/1/1 197/2/1 199/3/1
f 176/1/1 220/2/1 175/3/1
f 200/1/1 196/2/1 197/3/1
f 176/1/1 219/2/1 220/3/1
f 201/1/1 196/2/1 200/3/1
f 177/1/1 219/2/1 176/3/1
f 201/1/1 195/2/1 196/3/1
f 202/1/1 195/2/1 201/3/1
f 177/1/1 218/2/1 219/3/1
f 203/1/1 195/2/1 202/3/1
f 177/1/1 217/2/1 218/3/1
f 178/1/1 217/2/1 177/3/1
f 203/1/1 194/2/1 195/3/1
f 204/1/1 194/2/1 203/3/1
f 178/1/1 216/2/1 217/3/1
f 179/1/1 216/2/1 178/3/1
f 204/1/1 193/2/1 194/3/1
f 205/1/1 193/2/1 204/3/1
f 179/1/1 215/2/1 216/3/1
f 206/1/1 193/2/1 205/3/1
f 179/1/1 214/2/1 215/3/1
f 180/1/1 214/2/1 179/3/1
f 206/1/1 192/2/1 193/3/1
f 207/1/1 192/2/1 206/3/1
f 180/1/1 213/2/1 214/3/1
f 208/1/1 192/2/1 207/3/1
f 180/1/1 212/2/1 213/3/1
f 209/1/1 192/2/1 208/3/1
f 180/1/1 211/2/1 212/3/1
f 181/1/1 211/2/1 180/3/1
f 209/1/1 191/2/1 192/3/1
f 210/1/1 191/2/1 209/3/1
f 181/1/1 210/2/1 211/3/1
f 181/1/1 191/2/1 210/3/1
f 182/1/1 191/2/1 181/3/1
f 182/1/1 190/2/1 191/3/1
f 183/1/1 190/2/1 182/3/1
f 183/1/1 189/2/1 190/3/1
f 184/1/1 189/2/1 183/3/1
f 184/1/1 188/2/1 189/3/1
f 185/1/1 188/2/1 184/3/1
f 185/1/1 187/2/1 188/3/1
f 186/1/1 187/2/1 185/3/1
f 381/1/1 379/2/1 380/3/1
f 382/1/1 379/2/1 381/3/1
f 383/1/1 379/2/1 382/3/1
f 383/1/1 378/2/1 379/3/1
f 384/1/1 378/2/1 383/3/1
f 385/1/1 378/2/1 384/3/1
f 386/1/1 378/2/1 385/3/1
f 386/1/1 377/2/1 378/3/1
f 387/1/1 377/2/1 386/3/1
f 388/1/1 377/2/1 387/3/1
f 389/1/1 377/2/1 388/3/1
f 389/1/1 376/2/1 377/3/1
f 390/1/1 376/2/1 389/3/1
f 391/1/1 376/2/1 390/3/1
f 391/1/1 375/2/1 376/3/1
f 392/1/1 375/2/1 391/3/1
f 246/1/1 247/2/1 392/3/1
f 247/1/1 248/2/1 392/3/1
f 248/1/1 249/2/1 392/3/1
f 249/1/1 250/2/1 392/3/1
f 250/1/1 375/2/1 392/3/1
f 250/1/1 251/2/1 375/3/1
f 251/1/1 252/2/1 375/3/1
f 252/1/1 374/2/1 375/3/1
f 252/1/1 253/2/1 374/3/1
f 253/1/1 254/2/1 374/3/1
f 254/1/1 373/2/1 374/3/1
f 254/1/1 255/2/1 373/3/1
f 255/1/1 256/2/1 373/3/1
f 256/1/1 257/2/1 373/3/1
f 257/1/1 372/2/1 373/3/1
f 257/1/1 258/2/1 372/3/1
f 258/1/1 259/2/1 372/3/1
f 259/1/1 371/2/1 372/3/1
f 260/1/1 371/2/1 259/3/1
f 261/1/1 371/2/1 260/3/1
f 262/1/1 371/2/1 261/3/1
f 262/1/1 370/2/1 371/3/1
f 263/1/1 370/2/1 262/3/1
f 264/1/1 370/2/1 263/3/1
f 265/1/1 370/2/1 264/3/1
f 265/1/1 369/2/1 370/3/1
f 266/1/1 369/2/1 265/3/1
f 267/1/1 369/2/1 266/3/1
f 267/1/1 368/2/1 369/3/1
f 268/1/1 368/2/1 267/3/1
f 269/1/1 368/2/1 268/3/1
f 269/1/1 367/2/1 368/3/1
f 270/1/1 367/2/1 269/3/1
f 271/1/1 367/2/1 270/3/1
f 271/1/1 366/2/1 367/3/1
f 272/1/1 366/2/1 271/3/1
f 272/1/1 365/2/1 366/3/1
f 273/1/1 365/2/1 272/3/1
f 273/1/1 364/2/1 365/3/1
f 274/1/1 364/2/1 273/3/1
f 274/1/1 363/2/1 364/3/1
f 275/1/1 363/2/1 274/3/1
f 275/1/1 362/2/1 363/3/1
f 276/1/1 362/2/1 275/3/1
f 277/1/1 362/2/1 276/3/1
f 277/1/1 361/2/1 362/3/1
f 278/1/1 361/2/1 277/3/1
f 278/1/1 360/2/1 361/3/1
f 279/1/1 360/2/1 278/3/1
f 280/1/1 360/2/1 279/3/1
f 281/1/1 360/2/1 280/3/1
f 281/1/1 359/2/1 360/3/1
f 282/1/1 359/2/1 281/3/1
f 283/1/1 359/2/1 282/3/1
f 283/1/1 358/2/1 359/3/1
f 283/1/1 357/2/1 358/3/1
f 283/1/1 356/2/1 357/3/1
f 283/1/1 355/2/1 356/3/1
f 283/1/1 354/2/1 355/3/1
f 283/1/1 353/2/1 354/3/1
f 283/1/1 352/2/1 353/3/1
f 283/1/1 351/2/1 352/3/1
f 283/1/1 284/2/1 351/3/1
f 284/1/1 350/2/1 351/3/1
f 285/1/1 350/2/1 284/3/1
f 286/1/1 350/2/1 285/3/1
f 287/1/1 350/2/1 286/3/1
f 287/1/1 349/2/1 350/3/1
f 288/1/1 349/2/1 287/3/1
f 289/1/1 349/2/1 288/3/1
f 289/1/1 348/2/1 349/3/1
f 290/1/1 348/2/1 289/3/1
f 290/1/1 347/2/1 348/3/1
f 291/1/1 347/2/1 290/3/1
f 292/1/1 347/2/1 291/3/1
f 292/1/1 346/2/1 347/3/1
f 293/1/1 346/2/1 292/3/1
f 293/1/1 345/2/1 346/3/1
f 294/1/1 345/2/1 293/3/1
f 294/1/1 344/2/1 345/3/1
f 295/1/1 344/2/1 294/3/1
f 295/1/1 343/2/1 344/3/1
f 296/1/1 343/2/1 295/3/1
f 297/1/1 343/2/1 296/3/1
f 297/1/1 342/2/1 343/3/1
f 298/1/1 342/2/1 297/3/1
f 299/1/1 342/2/1 298/3/1
f 299/1/1 341/2/1 342/3/1
f 320/1/1 318/2/1 319/3/1
f 300/1/1 341/2/1 299/3/1
f 320/1/1 317/2/1 318/3/1
f 301/1/1 341/2/1 300/3/1
f 320/1/1 316/2/1 317/3/1
f 301/1/1 340/2/1 341/3/1
f 302/1/1 340/2/1 301/3/1
f 320/1/1 315/2/1 316/3/1
f 320/1/1 314/2/1 315/3/1
f 303/1/1 340/2/1 302/3/1
f 320/1/1 313/2/1 314/3/1
f 304/1/1 340/2/1 303/3/1
f 320/1/1 312/2/1 313/3/1
f 320/1/1 311/2/1 312/3/1
f 305/1/1 340/2/1 304/3/1
f 305/1/1 339/2/1 340/3/1
f 320/1/1 310/2/1 311/3/1
f 306/1/1 339/2/1 305/3/1
f 320/1/1 309/2/1 310/3/1
f 320/1/1 308/2/1 309/3/1
f 307/1/1 339/2/1 306/3/1
f 320/1/1 307/2/1 308/3/1
f 320/1/1 339/2/1 307/3/1
f 320/1/1 338/2/1 339/3/1
f 320/1/1 337/2/1 338/3/1
f 320/1/1 336/2/1 337/3/1
f 321/1/1 336/2/1 320/3/1
f 322/1/1 336/2/1 321/3/1
f 323/1/1 336/2/1 322/3/1
f 323/1/1 335/2/1 336/3/1
f 324/1/1 335/2/1 323/3/1
f 325/1/1 335/2/1 324/3/1
f 325/1/1 334/2/1 335/3/1
f 326/1/1 334/2/1 325/3/1
f 327/1/1 334/2/1 326/3/1
f 328/1/1 334/2/1 327/3/1
f 328/1/1 333/2/1 334/3/1
f 329/1/1 333/2/1 328/3/1
f 330/1/1 333/2/1 329/3/1
f 330/1/1 332/2/1 333/3/1
f 331/1/1 332/2/1 330/3/1
f 419/1/1 417/2/1 418/3/1
f 420/1/1 417/2/1 419/3/1
f 421/1/1 417/2/1 420/3/1
f 421/1/1 416/2/1 417/3/1
f 422/1/1 416/2/1 421/3/1
f 422/1/1 415/2/1 416/3/1
f 423/1/1 415/2/1 422/3/1
f 424/1/1 415/2/1 423/3/1
f 424/1/1 414/2/1 415/3/1
f 425/1/1 414/2/1 424/3/1
f 426/1/1 414/2/1 425/3/1
f 426/1/1 413/2/1 414/3/1
f 427/1/1 413/2/1 426/3/1
f 428/1/1 413/2/1 427/3/1
f 428/1/1 412/2/1 413/3/1
f 429/1/1 412/2/1 428/3/1
f 430/1/1 412/2/1 429/3/1
f 430/1/1 411/2/1 412/3/1
f 431/1/1 432/2/1 430/3/1
f 432/1/1 433/2/1 430/3/1
f 433/1/1 434/2/1 430/3/1
f 434/1/1 435/2/1 430/3/1
f 435/1/1 436/2/1 430/3/1
f 436/1/1 437/2/1 430/3/1
f 437/1/1 438/2/1 430/3/1
f 438/1/1 439/2/1 430/3/1
f 439/1/1 440/2/1 430/3/1
f 440/1/1 441/2/1 430/3/1
f 441/1/1 442/2/1 430/3/1
f 442/1/1 411/2/1 430/3/1
f 442/1/1 443/2/1 411/3/1
f 443/1/1 410/2/1 411/3/1
f 444/1/1 410/2/1 443/3/1
f 445/1/1 410/2/1 444/3/1
f 446/1/1 410/2/1 445/3/1
f 446/1/1 409/2/1 410/3/1
f 447/1/1 409/2/1 446/3/1
f 448/1/1 409/2/1 447/3/1
f 449/1/1 409/2/1 448/3/1
f 449/1/1 408/2/1 409/3/1
f 450/1/1 408/2/1 449/3/1
f 451/1/1 408/2/1 450/3/1
f 451/1/1 407/2/1 408/3/1
f 452/1/1 407/2/1 451/3/1
f 453/1/1 407/2/1 452/3/1
f 453/1/1 406/2/1 407/3/1
f 454/1/1 406/2/1 453/3/1
f 455/1/1 406/2/1 454/3/1
f 455/1/1 405/2/1 406/3/1
f 456/1/1 405/2/1 455/3/1
f 457/1/1 405/2/1 456/3/1
f 457/1/1 404/2/1 405/3/1
f 458/1/1 404/2/1 457/3/1
f 459/1/1 404/2/1 458/3/1
f 459/1/1 403/2/1 404/3/1
f 460/1/1 403/2/1 459/3/1
f 461/1/1 403/2/1 460/3/1
f 461/1/1 402/2/1 403/3/1
f 462/1/1 402/2/1 461/3/1
f 463/1/1 402/2/1 462/3/1
f 464/1/1 402/2/1 463/3/1
f 464/1/1 401/2/1 402/3/1
f 465/1/1 401/2/1 464/3/1
f 466/1/1 401/2/1 465/3/1
f 466/1/1 400/2/1 401/3/1
f 467/1/1 400/2/1 466/3/1
f 468/1/1 400/2/1 467/3/1
f 468/1/1 399/2/1 400/3/1
f 469/1/1 399/2/1 468/3/1
f 469/1/1 398/2/1 399/3/1
f 470/1/1 398/2/1 469/3/1
f 470/1/1 397/2/1 398/3/1
f 471/1/1 397/2/1 470/3/1
f 472/1/1 397/2/1 471/3/1
f 472/1/1 396/2/1 397/3/1
f 473/1/1 396/2/1 472/3/1
f 473/1/1 395/2/1 396/3/1
f 474/1/1 395/2/1 473/3/1
f 474/1/1 394/2/1 395/3/1
f 475/1/1 394/2/1 474/3/1
f 476/1/1 394/2/1 475/3/1
f 476/1/1 393/2/1 394/3/1
f 476/1/1 481/2/1 393/3/1
f 477/1/1 481/2/1 476/3/1
f 478/1/1 481/2/1 477/3/1
f 479/1/1 481/2/1 478/3/1
f 480/1/1 481/2/1 479/3/1
f 2/1/1 73/2/1 1/3/1
f 3/1/1 73/2/1 2/3/1
f 4/1/1 73/2/1 3/3/1
f 4/1/1 72/2/1 73/3/1
f 4/1/1 71/2/1 72/3/1
f 5/1/1 71/2/1 4/3/1
f 5/1/1 70/2/1 71/3/1
f 5/1/1 69/2/1 70/3/1
f 6/1/1 69/2/1 5/3/1
f 6/1/1 68/2/1 69/3/1
f 6/1/1 67/2/1 68/3/1
f 7/1/1 67/2/1 6/3/1
f 7/1/1 66/2/1 67/3/1
f 7/1/1 65/2/1 66/3/1
f 8/1/1 65/2/1 7/3/1
f 8/1/1 64/2/1 65/3/1
f 9/1/1 64/2/1 8/3/1
f 9/1/1 63/2/1 64/3/1
f 9/1/1 62/2/1 63/3/1
f 10/1/1 62/2/1 9/3/1
f 50/1/1 48/2/1 49/3/1
f 51/1/1 48/2/1 50/3/1
f 52/1/1 48/2/1 51/3/1
f 52/1/1 47/2/1 48/3/1
f 53/1/1 47/2/1 52/3/1
f 54/1/1 47/2/1 53/3/1
f 10/1/1 61/2/1 62/3/1
f 55/1/1 47/2/1 54/3/1
f 55/1/1 46/2/1 47/3/1
f 56/1/1 46/2/1 55/3/1
f 57/1/1 46/2/1 56/3/1
f 58/1/1 46/2/1 57/3/1
f 58/1/1 45/2/1 46/3/1
f 59/1/1 45/2/1 58/3/1
f 60/1/1 45/2/1 59/3/1
f 61/1/1 45/2/1 60/3/1
f 61/1/1 44/2/1 45/3/1
f 10/1/1 44/2/1 61/3/1
f 11/1/1 44/2/1 10/3/1
f 11/1/1 43/2/1 44/3/1
f 11/1/1 42/2/1 43/3/1
f 12/1/1 83/2/1 11/3/1
f 83/1/1 84/2/1 11/3/1
f 84/1/1 42/2/1 11/3/1
f 84/1/1 85/2/1 42/3/1
f 85/1/1 86/2/1 42/3/1
f 86/1/1 41/2/1 42/3/1
f 87/1/1 41/2/1 86/3/1
f 88/1/1 41/2/1 87/3/1
f 12/1/1 82/2/1 83/3/1
f 12/1/1 81/2/1 82/3/1
f 89/1/1 41/2/1 88/3/1
f 89/1/1 40/2/1 41/3/1
f 12/1/1 80/2/1 81/3/1
f 12/1/1 79/2/1 80/3/1
f 90/1/1 40/2/1 89/3/1
f 12/1/1 78/2/1 79/3/1
f 91/1/1 40/2/1 90/3/1
f 12/1/1 77/2/1 78/3/1
f 12/1/1 76/2/1 77/3/1
f 92/1/1 40/2/1 91/3/1
f 12/1/1 75/2/1 76/3/1
f 13/1/1 75/2/1 12/3/1
f 92/1/1 39/2/1 40/3/1
f 13/1/1 74/2/1 75/3/1
f 93/1/1 39/2/1 92/3/1
f 13/1/1 121/2/1 74/3/1
f 94/1/1 39/2/1 93/3/1
f 95/1/1 39/2/1 94/3/1
f 95/1/1 38/2/1 39/3/1
f 13/1/1 120/2/1 121/3/1
f 96/1/1 38/2/1 95/3/1
f 14/1/1 120/2/1 13/3/1
f 97/1/1 38/2/1 96/3/1
f 97/1/1 37/2/1 38/3/1
f 14/1/1 119/2/1 120/3/1
f 98/1/1 37/2/1 97/3/1
f 15/1/1 119/2/1 14/3/1
f 99/1/1 37/2/1 98/3/1
f 99/1/1 36/2/1 37/3/1
f 15/1/1 118/2/1 119/3/1
f 100/1/1 36/2/1 99/3/1
f 15/1/1 117/2/1 118/3/1
f 100/1/1 35/2/1 36/3/1
f 16/1/1 117/2/1 15/3/1
f 101/1/1 35/2/1 100/3/1
f 102/1/1 35/2/1 101/3/1
f 16/1/1 116/2/1 117/3/1
f 102/1/1 34/2/1 35/3/1
f 103/1/1 34/2/1 102/3/1
f 17/1/1 116/2/1 16/3/1
f 17/1/1 115/2/1 116/3/1
f 104/1/1 34/2/1 103/3/1
f 17/1/1 114/2/1 115/3/1
f 104/1/1 33/2/1 34/3/1
f 105/1/1 33/2/1 104/3/1
f 18/1/1 114/2/1 17/3/1
f 18/1/1 113/2/1 114/3/1
f 106/1/1 33/2/1 105/3/1
f 107/1/1 33/2/1 106/3/1
f 18/1/1 112/2/1 113/3/1
f 107/1/1 32/2/1 33/3/1
f 108/1/1 32/2/1 107/3/1
f 18/1/1 111/2/1 112/3/1
f 109/1/1 32/2/1 108/3/1
f 18/1/1 110/2/1 111/3/1
f 110/1/1 32/2/1 109/3/1
f 18/1/1 32/2/1 110/3/1
f 19/1/1 32/2/1 18/3/1
f 19/1/1 31/2/1 32/3/1
f 20/1/1 31/2/1 19/3/1
f 20/1/1 30/2/1 31/3/1
f 21/1/1 30/2/1 20/3/1
f 21/1/1 29/2/1 30/3/1
f 22/1/1 29/2/1 21/3/1
f 22/1/1 28/2/1 29/3/1
f 23/1/1 28/2/1 22/3/1
f 23/1/1 27/2/1 28/3/1
f 24/1/1 27/2/1 23/3/1
f 24/1/1 26/2/1 27/3/1
f 25/1/1 26/2/1 24/3/1
f 916/1/1 1397/2/1 1398/3/1 917/4/1
f 846/1/1 1327/2/1 1328/3/1 847/4/1
f 653/1/1 1134/2/1 1135/3/1 654/4/1
f 908/1/1 1389/2/1 1390/3/1 909/4/1
f 811/1/1 1292/2/1 1293/3/1 812/4/1
f 962/1/1 1443/2/1 1355/3/1 874/4/1
f 573/1/1 1054/2/1 1055/3/1 574/4/1
f 583/1/1 1064/2/1 1065/3/1 584/4/1
f 569/1/1 1050/2/1 1051/3/1 570/4/1
f 554/1/1 1035/2/1 963/3/1 482/4/1
f 645/1/1 1126/2/1 1127/3/1 646/4/1
f 838/1/1 1319/2/1 1320/3/1 839/4/1
f 803/1/1 1284/2/1 1285/3/1 804/4/1
f 699/1/1 1180/2/1 1181/3/1 700/4/1
f 900/1/1 1381/2/1 1382/3/1 901/4/1
f 546/1/1 1027/2/1 1028/3/1 547/4/1
f 954/1/1 1435/2/1 1436/3/1 955/4/1
f 637/1/1 1118/2/1 1119/3/1 638/4/1
f 861/1/1 1342/2/1 1343/3/1 862/4/1
f 892/1/1 1373/2/1 1374/3/1 893/4/1
f 575/1/1 1056/2/1 1057/3/1 576/4/1
f 561/1/1 1042/2/1 1043/3/1 562/4/1
f 840/1/1 1321/2/1 1322/3/1 841/4/1
f 629/1/1 1110/2/1 1111/3/1 630/4/1
f 816/1/1 1297/2/1 1298/3/1 817/4/1
f 884/1/1 1365/2/1 1366/3/1 885/4/1
f 691/1/1 1172/2/1 1173/3/1 692/4/1
f 866/1/1 1347/2/1 1348/3/1 867/4/1
f 553/1/1 1034/2/1 1035/3/1 554/4/1
f 879/1/1 1360/2/1 1361/3/1 880/4/1
f 946/1/1 1427/2/1 1428/3/1 947/4/1
f 843/1/1 1324/2/1 1325/3/1 844/4/1
f 808/1/1 1289/2/1 1290/3/1 809/4/1
f 795/1/1 1276/2/1 1277/3/1 796/4/1
f 822/1/1 1303/2/1 1304/3/1 823/4/1
f 538/1/1 1019/2/1 1020/3/1 539/4/1
f 876/1/1 1357/2/1 1358/3/1 877/4/1
f 787/1/1 1268/2/1 1269/3/1 788/4/1
f 868/1/1 1349/2/1 1350/3/1 869/4/1
f 800/1/1 1281/2/1 1282/3/1 801/4/1
f 530/1/1 1011/2/1 1012/3/1 531/4/1
f 683/1/1 1164/2/1 1165/3/1 684/4/1
f 959/1/1 1440/2/1 1441/3/1 960/4/1
f 899/1/1 1380/2/1 1381/3/1 900/4/1
f 938/1/1 1419/2/1 1420/3/1 939/4/1
f 537/1/1 1018/2/1 1019/3/1 538/4/1
f 779/1/1 1260/2/1 1261/3/1 780/4/1
f 693/1/1 1174/2/1 1175/3/1 694/4/1
f 792/1/1 1273/2/1 1274/3/1 793/4/1
f 522/1/1 1003/2/1 1004/3/1 523/4/1
f 675/1/1 1156/2/1 1157/3/1 676/4/1
f 605/1/1 1086/2/1 1087/3/1 606/4/1
f 551/1/1 1032/2/1 1033/3/1 552/4/1
f 930/1/1 1411/2/1 1412/3/1 931/4/1
f 860/1/1 1341/2/1 1342/3/1 861/4/1
f 806/1/1 1287/2/1 1288/3/1 807/4/1
f 771/1/1 1252/2/1 1253/3/1 772/4/1
f 514/1/1 995/2/1 996/3/1 515/4/1
f 529/1/1 1010/2/1 1011/3/1 530/4/1
f 937/1/1 1418/2/1 1419/3/1 938/4/1
f 597/1/1 1078/2/1 1079/3/1 598/4/1
f 784/1/1 1265/2/1 1266/3/1 785/4/1
f 763/1/1 1244/2/1 1245/3/1 764/4/1
f 485/1/1 966/2/1 967/3/1 486/4/1
f 506/1/1 987/2/1 988/3/1 507/4/1
f 543/1/1 1024/2/1 1025/3/1 544/4/1
f 521/1/1 1002/2/1 1003/3/1 522/4/1
f 755/1/1 1236/2/1 1237/3/1 756/4/1
f 667/1/1 1148/2/1 1149/3/1 668/4/1
f 798/1/1 1279/2/1 1280/3/1 799/4/1
f 776/1/1 1257/2/1 1258/3/1 777/4/1
f 498/1/1 979/2/1 980/3/1 499/4/1
f 922/1/1 1403/2/1 1404/3/1 923/4/1
f 513/1/1 994/2/1 995/3/1 514/4/1
f 659/1/1 1140/2/1 1141/3/1 660/4/1
f 768/1/1 1249/2/1 1250/3/1 769/4/1
f 847/1/1 1328/2/1 1329/3/1 848/4/1
f 914/1/1 1395/2/1 1396/3/1 915/4/1
f 589/1/1 1070/2/1 1071/3/1 590/4/1
f 747/1/1 1228/2/1 1229/3/1 748/4/1
f 651/1/1 1132/2/1 1133/3/1 652/4/1
f 844/1/1 1325/2/1 1326/3/1 845/4/1
f 535/1/1 1016/2/1 1017/3/1 536/4/1
f 490/1/1 971/2/1 972/3/1 491/4/1
f 906/1/1 1387/2/1 1388/3/1 907/4/1
f 790/1/1 1271/2/1 1272/3/1 791/4/1
f 505/1/1 986/2/1 987/3/1 506/4/1
f 739/1/1 1220/2/1 1221/3/1 740/4/1
f 760/1/1 1241/2/1 1242/3/1 761/4/1
f 482/1/1 963/2/1 964/3/1 483/4/1
f 527/1/1 1008/2/1 1009/3/1 528/4/1
f 497/1/1 978/2/1 979/3/1 498/4/1
f 643/1/1 1124/2/1 1125/3/1 644/4/1
f 782/1/1 1263/2/1 1264/3/1 783/4/1
f 752/1/1 1233/2/1 1234/3/1 753/4/1
f 898/1/1 1379/2/1 1380/3/1 899/4/1
f 519/1/1 1000/2/1 1001/3/1 520/4/1
f 489/1/1 970/2/1 971/3/1 490/4/1
f 774/1/1 1255/2/1 1256/3/1 775/4/1
f 744/1/1 1225/2/1 1226/3/1 745/4/1
f 635/1/1 1116/2/1 1117/3/1 636/4/1
f 511/1/1 992/2/1 993/3/1 512/4/1
f 890/1/1 1371/2/1 1372/3/1 891/4/1
f 766/1/1 1247/2/1 1248/3/1 767/4/1
f 736/1/1 1217/2/1 1218/3/1 737/4/1
f 599/1/1 1080/2/1 1081/3/1 600/4/1
f 728/1/1 1209/2/1 1210/3/1 729/4/1
f 503/1/1 984/2/1 985/3/1 504/4/1
f 854/1/1 1335/2/1 1336/3/1 855/4/1
f 627/1/1 1108/2/1 1109/3/1 628/4/1
f 613/1/1 1094/2/1 1084/3/1 603/4/1
f 758/1/1 1239/2/1 1240/3/1 759/4/1
f 882/1/1 1363/2/1 1364/3/1 883/4/1
f 828/1/1 1309/2/1 1310/3/1 829/4/1
f 495/1/1 976/2/1 977/3/1 496/4/1
f 750/1/1 1231/2/1 1232/3/1 751/4/1
f 827/1/1 1308/2/1 1309/3/1 828/4/1
f 619/1/1 1100/2/1 1101/3/1 620/4/1
f 720/1/1 1201/2/1 1202/3/1 721/4/1
f 874/1/1 1355/2/1 1356/3/1 875/4/1
f 487/1/1 968/2/1 969/3/1 488/4/1
f 712/1/1 1193/2/1 1194/3/1 713/4/1
f 820/1/1 1301/2/1 1302/3/1 821/4/1
f 742/1/1 1223/2/1 1224/3/1 743/4/1
f 961/1/1 1442/2/1 1443/3/1 962/4/1
f 704/1/1 1185/2/1 1186/3/1 705/4/1
f 734/1/1 1215/2/1 1216/3/1 735/4/1
f 611/1/1 1092/2/1 1093/3/1 612/4/1
f 559/1/1 1040/2/1 1041/3/1 560/4/1
f 953/1/1 1434/2/1 1435/3/1 954/4/1
f 696/1/1 1177/2/1 1178/3/1 697/4/1
f 718/1/1 1199/2/1 1200/3/1 719/4/1
f 603/1/1 1084/2/1 1085/3/1 604/4/1
f 812/1/1 1293/2/1 1294/3/1 813/4/1
f 814/1/1 1295/2/1 1296/3/1 815/4/1
f 858/1/1 1339/2/1 1340/3/1 859/4/1
f 602/1/1 1083/2/1 1036/3/1 555/4/1
f 710/1/1 1191/2/1 1192/3/1 711/4/1
f 688/1/1 1169/2/1 1170/3/1 689/4/1
f 713/1/1 1194/2/1 1195/3/1 714/4/1
f 595/1/1 1076/2/1 1077/3/1 596/4/1
f 549/1/1 1030/2/1 1031/3/1 550/4/1
f 680/1/1 1161/2/1 1162/3/1 681/4/1
f 804/1/1 1285/2/1 1286/3/1 805/4/1
f 702/1/1 1183/2/1 1184/3/1 703/4/1
f 510/1/1 991/2/1 992/3/1 511/4/1
f 852/1/1 1333/2/1 1334/3/1 853/4/1
f 524/1/1 1005/2/1 1006/3/1 525/4/1
f 929/1/1 1410/2/1 1411/3/1 930/4/1
f 951/1/1 1432/2/1 1433/3/1 952/4/1
f 672/1/1 1153/2/1 1154/3/1 673/4/1
f 541/1/1 1022/2/1 1023/3/1 542/4/1
f 694/1/1 1175/2/1 1176/3/1 695/4/1
f 796/1/1 1277/2/1 1278/3/1 797/4/1
f 584/1/1 1065/2/1 1066/3/1 585/4/1
f 921/1/1 1402/2/1 1403/3/1 922/4/1
f 587/1/1 1068/2/1 1069/3/1 588/4/1
f 533/1/1 1014/2/1 1015/3/1 534/4/1
f 664/1/1 1145/2/1 1146/3/1 665/4/1
f 842/1/1 1323/2/1 1324/3/1 843/4/1
f 788/1/1 1269/2/1 1270/3/1 789/4/1
f 943/1/1 1424/2/1 1425/3/1 944/4/1
f 923/1/1 1404/2/1 1405/3/1 924/4/1
f 525/1/1 1006/2/1 1007/3/1 526/4/1
f 686/1/1 1167/2/1 1168/3/1 687/4/1
f 913/1/1 1394/2/1 1395/3/1 914/4/1
f 780/1/1 1261/2/1 1262/3/1 781/4/1
f 656/1/1 1137/2/1 1138/3/1 657/4/1
f 517/1/1 998/2/1 999/3/1 518/4/1
f 905/1/1 1386/2/1 1387/3/1 906/4/1
f 772/1/1 1253/2/1 1254/3/1 773/4/1
f 648/1/1 1129/2/1 1130/3/1 649/4/1
f 579/1/1 1060/2/1 1061/3/1 580/4/1
f 834/1/1 1315/2/1 1316/3/1 835/4/1
f 509/1/1 990/2/1 991/3/1 510/4/1
f 670/1/1 1151/2/1 1152/3/1 671/4/1
f 764/1/1 1245/2/1 1246/3/1 765/4/1
f 567/1/1 1048/2/1 1049/3/1 568/4/1
f 945/1/1 1426/2/1 1427/3/1 946/4/1
f 897/1/1 1378/2/1 1379/3/1 898/4/1
f 571/1/1 1052/2/1 1053/3/1 572/4/1
f 640/1/1 1121/2/1 1122/3/1 641/4/1
f 826/1/1 1307/2/1 1308/3/1 827/4/1
f 501/1/1 982/2/1 983/3/1 502/4/1
f 919/1/1 1400/2/1 1401/3/1 920/4/1
f 889/1/1 1370/2/1 1371/3/1 890/4/1
f 756/1/1 1237/2/1 1238/3/1 757/4/1
f 662/1/1 1143/2/1 1144/3/1 663/4/1
f 632/1/1 1113/2/1 1114/3/1 633/4/1
f 591/1/1 1072/2/1 1073/3/1 592/4/1
f 881/1/1 1362/2/1 1363/3/1 882/4/1
f 493/1/1 974/2/1 975/3/1 494/4/1
f 748/1/1 1229/2/1 1230/3/1 749/4/1
f 818/1/1 1299/2/1 1300/3/1 819/4/1
f 955/1/1 1436/2/1 1437/3/1 956/4/1
f 934/1/1 1415/2/1 1416/3/1 935/4/1
f 616/1/1 1097/2/1 1098/3/1 617/4/1
f 698/1/1 1179/2/1 1180/3/1 699/4/1
f 911/1/1 1392/2/1 1393/3/1 912/4/1
f 555/1/1 1036/2/1 1037/3/1 556/4/1
f 740/1/1 1221/2/1 1222/3/1 741/4/1
f 654/1/1 1135/2/1 1136/3/1 655/4/1
f 810/1/1 1291/2/1 1292/3/1 811/4/1
f 865/1/1 1346/2/1 1347/3/1 866/4/1
f 732/1/1 1213/2/1 1214/3/1 733/4/1
f 608/1/1 1089/2/1 1090/3/1 609/4/1
f 547/1/1 1028/2/1 1029/3/1 548/4/1
f 724/1/1 1205/2/1 1206/3/1 725/4/1
f 857/1/1 1338/2/1 1339/3/1 858/4/1
f 802/1/1 1283/2/1 1284/3/1 803/4/1
f 646/1/1 1127/2/1 1128/3/1 647/4/1
f 895/1/1 1376/2/1 1377/3/1 896/4/1
f 638/1/1 1119/2/1 1120/3/1 639/4/1
f 716/1/1 1197/2/1 1198/3/1 717/4/1
f 539/1/1 1020/2/1 1021/3/1 540/4/1
f 708/1/1 1189/2/1 1190/3/1 709/4/1
f 887/1/1 1368/2/1 1369/3/1 888/4/1
f 794/1/1 1275/2/1 1276/3/1 795/4/1
f 849/1/1 1330/2/1 1331/3/1 850/4/1
f 531/1/1 1012/2/1 1013/3/1 532/4/1
f 592/1/1 1073/2/1 1074/3/1 593/4/1
f 786/1/1 1267/2/1 1268/3/1 787/4/1
f 624/1/1 1105/2/1 1103/3/1 622/4/1
f 544/1/1 1025/2/1 1026/3/1 545/4/1
f 957/1/1 1438/2/1 1439/3/1 958/4/1
f 622/1/1 1103/2/1 1104/3/1 623/4/1
f 700/1/1 1181/2/1 1182/3/1 701/4/1
f 841/1/1 1322/2/1 1323/3/1 842/4/1
f 621/1/1 1102/2/1 1095/3/1 614/4/1
f 523/1/1 1004/2/1 1005/3/1 524/4/1
f 873/1/1 1354/2/1 1208/3/1 727/4/1
f 833/1/1 1314/2/1 1315/3/1 834/4/1
f 778/1/1 1259/2/1 1260/3/1 779/4/1
f 576/1/1 1057/2/1 1058/3/1 577/4/1
f 614/1/1 1095/2/1 1096/3/1 615/4/1
f 563/1/1 1044/2/1 1045/3/1 564/4/1
f 949/1/1 1430/2/1 1431/3/1 950/4/1
f 515/1/1 996/2/1 997/3/1 516/4/1
f 692/1/1 1173/2/1 1174/3/1 693/4/1
f 770/1/1 1251/2/1 1252/3/1 771/4/1
f 863/1/1 1344/2/1 1345/3/1 864/4/1
f 941/1/1 1422/2/1 1423/3/1 942/4/1
f 606/1/1 1087/2/1 1088/3/1 607/4/1
f 825/1/1 1306/2/1 1307/3/1 826/4/1
f 684/1/1 1165/2/1 1166/3/1 685/4/1
f 568/1/1 1049/2/1 1050/3/1 569/4/1
f 507/1/1 988/2/1 989/3/1 508/4/1
f 762/1/1 1243/2/1 1244/3/1 763/4/1
f 855/1/1 1336/2/1 1337/3/1 856/4/1
f 499/1/1 980/2/1 981/3/1 500/4/1
f 754/1/1 1235/2/1 1236/3/1 755/4/1
f 933/1/1 1414/2/1 1415/3/1 934/4/1
f 491/1/1 972/2/1 973/3/1 492/4/1
f 676/1/1 1157/2/1 1158/3/1 677/4/1
f 746/1/1 1227/2/1 1228/3/1 747/4/1
f 850/1/1 1331/2/1 1332/3/1 851/4/1
f 483/1/1 964/2/1 965/3/1 484/4/1
f 738/1/1 1219/2/1 1220/3/1 739/4/1
f 925/1/1 1406/2/1 1407/3/1 926/4/1
f 590/1/1 1071/2/1 1072/3/1 591/4/1
f 668/1/1 1149/2/1 1150/3/1 669/4/1
f 730/1/1 1211/2/1 1212/3/1 731/4/1
f 917/1/1 1398/2/1 1399/3/1 918/4/1
f 660/1/1 1141/2/1 1142/3/1 661/4/1
f 839/1/1 1320/2/1 1321/3/1 840/4/1
f 809/1/1 1290/2/1 1291/3/1 810/4/1
f 722/1/1 1203/2/1 1204/3/1 723/4/1
f 582/1/1 1063/2/1 1064/3/1 583/4/1
f 552/1/1 1033/2/1 1034/3/1 553/4/1
f 909/1/1 1390/2/1 1391/3/1 910/4/1
f 903/1/1 1384/2/1 1385/3/1 904/4/1
f 557/1/1 1038/2/1 1039/3/1 558/4/1
f 714/1/1 1195/2/1 1196/3/1 715/4/1
f 652/1/1 1133/2/1 1134/3/1 653/4/1
f 729/1/1 1210/2/1 1211/3/1 730/4/1
f 671/1/1 1152/2/1 1153/3/1 672/4/1
f 644/1/1 1125/2/1 1126/3/1 645/4/1
f 801/1/1 1282/2/1 1283/3/1 802/4/1
f 831/1/1 1312/2/1 1313/3/1 832/4/1
f 893/1/1 1374/2/1 1375/3/1 894/4/1
f 545/1/1 1026/2/1 1027/3/1 546/4/1
f 706/1/1 1187/2/1 1188/3/1 707/4/1
f 636/1/1 1117/2/1 1118/3/1 637/4/1
f 793/1/1 1274/2/1 1275/3/1 794/4/1
f 721/1/1 1202/2/1 1203/3/1 722/4/1
f 885/1/1 1366/2/1 1367/3/1 886/4/1
f 821/1/1 1302/2/1 1303/3/1 822/4/1
f 628/1/1 1109/2/1 1110/3/1 629/4/1
f 823/1/1 1304/2/1 1305/3/1 824/4/1
f 877/1/1 1358/2/1 1359/3/1 878/4/1
f 566/1/1 1047/2/1 1048/3/1 567/4/1
f 620/1/1 1101/2/1 1102/3/1 621/4/1
f 947/1/1 1428/2/1 1429/3/1 948/4/1
f 815/1/1 1296/2/1 1297/3/1 816/4/1
f 690/1/1 1171/2/1 1172/3/1 691/4/1
f 871/1/1 1352/2/1 1353/3/1 872/4/1
f 558/1/1 1039/2/1 1040/3/1 559/4/1
f 869/1/1 1350/2/1 1351/3/1 870/4/1
f 785/1/1 1266/2/1 1267/3/1 786/4/1
f 705/1/1 1186/2/1 1187/3/1 706/4/1
f 612/1/1 1093/2/1 1094/3/1 613/4/1
f 528/1/1 1009/2/1 1010/3/1 529/4/1
f 960/1/1 1441/2/1 1442/3/1 961/4/1
f 807/1/1 1288/2/1 1289/3/1 808/4/1
f 703/1/1 1184/2/1 1185/3/1 704/4/1
f 777/1/1 1258/2/1 1259/3/1 778/4/1
f 604/1/1 1085/2/1 1086/3/1 605/4/1
f 520/1/1 1001/2/1 1002/3/1 521/4/1
f 697/1/1 1178/2/1 1179/3/1 698/4/1
f 939/1/1 1420/2/1 1421/3/1 940/4/1
f 958/1/1 1439/2/1 1440/3/1 959/4/1
f 859/1/1 1340/2/1 1341/3/1 860/4/1
f 952/1/1 1433/2/1 1434/3/1 953/4/1
f 682/1/1 1163/2/1 1164/3/1 683/4/1
f 536/1/1 1017/2/1 1018/3/1 537/4/1
f 853/1/1 1334/2/1 1335/3/1 854/4/1
f 799/1/1 1280/2/1 1281/3/1 800/4/1
f 769/1/1 1250/2/1 1251/3/1 770/4/1
f 931/1/1 1412/2/1 1413/3/1 932/4/1
f 596/1/1 1077/2/1 1078/3/1 597/4/1
f 542/1/1 1023/2/1 1024/3/1 543/4/1
f 512/1/1 993/2/1 994/3/1 513/4/1
f 689/1/1 1170/2/1 1171/3/1 690/4/1
f 674/1/1 1155/2/1 1156/3/1 675/4/1
f 845/1/1 1326/2/1 1327/3/1 846/4/1
f 588/1/1 1069/2/1 1070/3/1 589/4/1
f 761/1/1 1242/2/1 1243/3/1 762/4/1
f 681/1/1 1162/2/1 1163/3/1 682/4/1
f 791/1/1 1272/2/1 1273/3/1 792/4/1
f 504/1/1 985/2/1 986/3/1 505/4/1
f 936/1/1 1417/2/1 1418/3/1 937/4/1
f 666/1/1 1147/2/1 1148/3/1 667/4/1
f 534/1/1 1015/2/1 1016/3/1 535/4/1
f 753/1/1 1234/2/1 1235/3/1 754/4/1
f 837/1/1 1318/2/1 1319/3/1 838/4/1
f 783/1/1 1264/2/1 1265/3/1 784/4/1
f 496/1/1 977/2/1 978/3/1 497/4/1
f 574/1/1 1055/2/1 1056/3/1 575/4/1
f 580/1/1 1061/2/1 1062/3/1 581/4/1
f 526/1/1 1007/2/1 1008/3/1 527/4/1
f 915/1/1 1396/2/1 1397/3/1 916/4/1
f 745/1/1 1226/2/1 1227/3/1 746/4/1
f 658/1/1 1139/2/1 1140/3/1 659/4/1
f 775/1/1 1256/2/1 1257/3/1 776/4/1
f 488/1/1 969/2/1 970/3/1 489/4/1
f 673/1/1 1154/2/1 1155/3/1 674/4/1
f 907/1/1 1388/2/1 1389/3/1 908/4/1
f 829/1/1 1310/2/1 1311/3/1 830/4/1
f 518/1/1 999/2/1 1000/3/1 519/4/1
f 935/1/1 1416/2/1 1417/3/1 936/4/1
f 928/1/1 1409/2/1 1410/3/1 929/4/1
f 650/1/1 1131/2/1 1132/3/1 651/4/1
f 572/1/1 1053/2/1 1054/3/1 573/4/1
f 767/1/1 1248/2/1 1249/3/1 768/4/1
f 737/1/1 1218/2/1 1219/3/1 738/4/1
f 902/1/1 1383/2/1 1384/3/1 903/4/1
f 819/1/1 1300/2/1 1301/3/1 820/4/1
f 735/1/1 1216/2/1 1217/3/1 736/4/1
f 727/1/1 1208/2/1 1209/3/1 728/4/1
f 665/1/1 1146/2/1 1147/3/1 666/4/1
f 642/1/1 1123/2/1 1124/3/1 643/4/1
f 759/1/1 1240/2/1 1241/3/1 760/4/1
f 920/1/1 1401/2/1 1402/3/1 921/4/1
f 564/1/1 1045/2/1 1046/3/1 565/4/1
f 502/1/1 983/2/1 984/3/1 503/4/1
f 657/1/1 1138/2/1 1139/3/1 658/4/1
f 891/1/1 1372/2/1 1373/3/1 892/4/1
f 581/1/1 1062/2/1 1063/3/1 582/4/1
f 912/1/1 1393/2/1 1394/3/1 913/4/1
f 634/1/1 1115/2/1 1116/3/1 635/4/1
f 751/1/1 1232/2/1 1233/3/1 752/4/1
f 719/1/1 1200/2/1 1201/3/1 720/4/1
f 649/1/1 1130/2/1 1131/3/1 650/4/1
f 883/1/1 1364/2/1 1365/3/1 884/4/1
f 813/1/1 1294/2/1 1295/3/1 814/4/1
f 494/1/1 975/2/1 976/3/1 495/4/1
f 711/1/1 1192/2/1 1193/3/1 712/4/1
f 904/1/1 1385/2/1 1386/3/1 905/4/1
f 626/1/1 1107/2/1 1108/3/1 627/4/1
f 556/1/1 1037/2/1 1038/3/1 557/4/1
f 901/1/1 1382/2/1 1383/3/1 902/4/1
f 836/1/1 1317/2/1 1318/3/1 837/4/1
f 600/1/1 1081/2/1 1082/3/1 601/4/1
f 875/1/1 1356/2/1 1357/3/1 876/4/1
f 805/1/1 1286/2/1 1287/3/1 806/4/1
f 743/1/1 1224/2/1 1225/3/1 744/4/1
f 948/1/1 1429/2/1 1430/3/1 949/4/1
f 618/1/1 1099/2/1 1100/3/1 619/4/1
f 548/1/1 1029/2/1 1030/3/1 549/4/1
f 486/1/1 967/2/1 968/3/1 487/4/1
f 641/1/1 1122/2/1 1123/3/1 642/4/1
f 830/1/1 1311/2/1 1312/3/1 831/4/1
f 695/1/1 1176/2/1 1177/3/1 696/4/1
f 896/1/1 1377/2/1 1378/3/1 897/4/1
f 733/1/1 1214/2/1 1215/3/1 734/4/1
f 950/1/1 1431/2/1 1432/3/1 951/4/1
f 797/1/1 1278/2/1 1279/3/1 798/4/1
f 726/1/1 1207/2/1 1160/3/1 679/4/1
f 594/1/1 1075/2/1 1076/3/1 595/4/1
f 633/1/1 1114/2/1 1115/3/1 634/4/1
f 540/1/1 1021/2/1 1022/3/1 541/4/1
f 725/1/1 1206/2/1 1207/3/1 726/4/1
f 663/1/1 1144/2/1 1145/3/1 664/4/1
f 687/1/1 1168/2/1 1169/3/1 688/4/1
f 888/1/1 1369/2/1 1370/3/1 889/4/1
f 867/1/1 1348/2/1 1349/3/1 868/4/1
f 942/1/1 1423/2/1 1424/3/1 943/4/1
f 918/1/1 1399/2/1 1400/3/1 919/4/1
f 610/1/1 1091/2/1 1092/3/1 611/4/1
f 789/1/1 1270/2/1 1271/3/1 790/4/1
f 717/1/1 1198/2/1 1199/3/1 718/4/1
f 655/1/1 1136/2/1 1137/3/1 656/4/1
f 630/1/1 1111/2/1 1106/3/1 625/4/1
f 532/1/1 1013/2/1 1014/3/1 533/4/1
f 910/1/1 1391/2/1 1392/3/1 911/4/1
f 679/1/1 1160/2/1 1161/3/1 680/4/1
f 625/1/1 1106/2/1 1107/3/1 626/4/1
f 880/1/1 1361/2/1 1362/3/1 881/4/1
f 707/1/1 1188/2/1 1189/3/1 708/4/1
f 781/1/1 1262/2/1 1263/3/1 782/4/1
f 678/1/1 1159/2/1 1112/3/1 631/4/1
f 617/1/1 1098/2/1 1099/3/1 618/4/1
f 709/1/1 1190/2/1 1191/3/1 710/4/1
f 647/1/1 1128/2/1 1129/3/1 648/4/1
f 872/1/1 1353/2/1 1354/3/1 873/4/1
f 851/1/1 1332/2/1 1333/3/1 852/4/1
f 773/1/1 1254/2/1 1255/3/1 774/4/1
f 639/1/1 1120/2/1 1121/3/1 640/4/1
f 516/1/1 997/2/1 998/3/1 517/4/1
f 701/1/1 1182/2/1 1183/3/1 702/4/1
f 894/1/1 1375/2/1 1376/3/1 895/4/1
f 609/1/1 1090/2/1 1091/3/1 610/4/1
f 484/1/1 965/2/1 966/3/1 485/4/1
f 956/1/1 1437/2/1 1438/3/1 957/4/1
f 927/1/1 1408/2/1 1409/3/1 928/4/1
f 864/1/1 1345/2/1 1346/3/1 865/4/1
f 631/1/1 1112/2/1 1113/3/1 632/4/1
f 550/1/1 1031/2/1 1032/3/1 551/4/1
f 886/1/1 1367/2/1 1368/3/1 887/4/1
f 601/1/1 1082/2/1 1083/3/1 602/4/1
f 586/1/1 1067/2/1 1068/3/1 587/4/1
f 765/1/1 1246/2/1 1247/3/1 766/4/1
f 623/1/1 1104/2/1 1105/3/1 624/4/1
f 856/1/1 1337/2/1 1338/3/1 857/4/1
f 508/1/1 989/2/1 990/3/1 509/4/1
f 878/1/1 1359/2/1 1360/3/1 879/4/1
f 757/1/1 1238/2/1 1239/3/1 758/4/1
f 926/1/1 1407/2/1 1408/3/1 927/4/1
f 500/1/1 981/2/1 982/3/1 501/4/1
f 944/1/1 1425/2/1 1426/3/1 945/4/1
f 835/1/1 1316/2/1 1317/3/1 836/4/1
f 749/1/1 1230/2/1 1231/3/1 750/4/1
f 685/1/1 1166/2/1 1167/3/1 686/4/1
f 615/1/1 1096/2/1 1097/3/1 616/4/1
f 593/1/1 1074/2/1 1075/3/1 594/4/1
f 578/1/1 1059/2/1 1060/3/1 579/4/1
f 492/1/1 973/2/1 974/3/1 493/4/1
f 940/1/1 1421/2/1 1422/3/1 941/4/1
f 870/1/1 1351/2/1 1352/3/1 871/4/1
f 848/1/1 1329/2/1 1330/3/1 849/4/1
f 741/1/1 1222/2/1 1223/3/1 742/4/1
f 570/1/1 1051/2/1 1052/3/1 571/4/1
f 817/1/1 1298/2/1 1299/3/1 818/4/1
f 607/1/1 1088/2/1 1089/3/1 608/4/1
f 560/1/1 1041/2/1 1042/3/1 561/4/1
f 677/1/1 1158/2/1 1159/3/1 678/4/1
f 862/1/1 1343/2/1 1344/3/1 863/4/1
f 731/1/1 1212/2/1 1213/3/1 732/4/1
f 932/1/1 1413/2/1 1414/3/1 933/4/1
f 824/1/1 1305/2/1 1306/3/1 825/4/1
f 723/1/1 1204/2/1 1205/3/1 724/4/1
f 669/1/1 1150/2/1 1151/3/1 670/4/1
f 585/1/1 1066/2/1 1067/3/1 586/4/1
f 353/1/1 834/2/1 835/3/1 354/4/1
f 135/1/1 616/2/1 617/3/1 136/4/1
f 98/1/1 579/2/1 580/3/1 99/4/1
f 291/1/1 772/2/1 773/3/1 292/4/1
f 36/1/1 517/2/1 518/3/1 37/4/1
f 299/1/1 780/2/1 781/3/1 300/4/1
f 400/1/1 881/2/1 882/3/1 401/4/1
f 205/1/1 686/2/1 687/3/1 206/4/1
f 44/1/1 525/2/1 526/3/1 45/4/1
f 442/1/1 923/2/1 924/3/1 443/4/1
f 110/1/1 591/2/1 592/3/1 111/4/1
f 462/1/1 943/2/1 944/3/1 463/4/1
f 307/1/1 788/2/1 789/3/1 308/4/1
f 361/1/1 842/2/1 843/3/1 362/4/1
f 151/1/1 632/2/1 633/3/1 152/4/1
f 52/1/1 533/2/1 534/3/1 53/4/1
f 106/1/1 587/2/1 588/3/1 107/4/1
f 408/1/1 889/2/1 890/3/1 409/4/1
f 103/1/1 584/2/1 585/3/1 104/4/1
f 159/1/1 640/2/1 641/3/1 160/4/1
f 315/1/1 796/2/1 797/3/1 316/4/1
f 416/1/1 897/2/1 898/3/1 417/4/1
f 213/1/1 694/2/1 695/3/1 214/4/1
f 60/1/1 541/2/1 542/3/1 61/4/1
f 86/1/1 567/2/1 568/3/1 87/4/1
f 470/1/1 951/2/1 952/3/1 471/4/1
f 43/1/1 524/2/1 525/3/1 44/4/1
f 371/1/1 852/2/1 853/3/1 372/4/1
f 29/1/1 510/2/1 511/3/1 30/4/1
f 221/1/1 702/2/1 703/3/1 222/4/1
f 323/1/1 804/2/1 805/3/1 324/4/1
f 167/1/1 648/2/1 649/3/1 168/4/1
f 68/1/1 549/2/1 550/3/1 69/4/1
f 114/1/1 595/2/1 596/3/1 115/4/1
f 424/1/1 905/2/1 906/3/1 425/4/1
f 175/1/1 656/2/1 657/3/1 176/4/1
f 432/1/1 913/2/1 914/3/1 433/4/1
f 229/1/1 710/2/1 711/3/1 230/4/1
f 121/1/1 602/2/1 555/3/1 74/4/1
f 377/1/1 858/2/1 859/3/1 378/4/1
f 183/1/1 664/2/1 665/3/1 184/4/1
f 333/1/1 814/2/1 815/3/1 334/4/1
f 331/1/1 812/2/1 813/3/1 332/4/1
f 122/1/1 603/2/1 604/3/1 123/4/1
f 440/1/1 921/2/1 922/3/1 441/4/1
f 237/1/1 718/2/1 719/3/1 238/4/1
f 78/1/1 559/2/1 560/3/1 79/4/1
f 191/1/1 672/2/1 673/3/1 192/4/1
f 130/1/1 611/2/1 612/3/1 131/4/1
f 448/1/1 929/2/1 930/3/1 449/4/1
f 253/1/1 734/2/1 735/3/1 254/4/1
f 199/1/1 680/2/1 681/3/1 200/4/1
f 261/1/1 742/2/1 743/3/1 262/4/1
f 339/1/1 820/2/1 821/3/1 340/4/1
f 232/1/1 713/2/1 714/3/1 233/4/1
f 6/1/1 487/2/1 488/3/1 7/4/1
f 393/1/1 874/2/1 875/3/1 394/4/1
f 207/1/1 688/2/1 689/3/1 208/4/1
f 138/1/1 619/2/1 620/3/1 139/4/1
f 269/1/1 750/2/1 751/3/1 270/4/1
f 14/1/1 495/2/1 496/3/1 15/4/1
f 347/1/1 828/2/1 829/3/1 348/4/1
f 401/1/1 882/2/1 883/3/1 402/4/1
f 277/1/1 758/2/1 759/3/1 278/4/1
f 132/1/1 613/2/1 603/3/1 122/4/1
f 146/1/1 627/2/1 628/3/1 147/4/1
f 215/1/1 696/2/1 697/3/1 216/4/1
f 22/1/1 503/2/1 504/3/1 23/4/1
f 472/1/1 953/2/1 954/3/1 473/4/1
f 285/1/1 766/2/1 767/3/1 286/4/1
f 409/1/1 890/2/1 891/3/1 410/4/1
f 30/1/1 511/2/1 512/3/1 31/4/1
f 154/1/1 635/2/1 636/3/1 155/4/1
f 223/1/1 704/2/1 705/3/1 224/4/1
f 293/1/1 774/2/1 775/3/1 294/4/1
f 480/1/1 961/2/1 962/3/1 481/4/1
f 38/1/1 519/2/1 520/3/1 39/4/1
f 417/1/1 898/2/1 899/3/1 418/4/1
f 231/1/1 712/2/1 713/3/1 232/4/1
f 301/1/1 782/2/1 783/3/1 302/4/1
f 162/1/1 643/2/1 644/3/1 163/4/1
f 239/1/1 720/2/1 721/3/1 240/4/1
f 46/1/1 527/2/1 528/3/1 47/4/1
f 1/1/1 482/2/1 483/3/1 2/4/1
f 346/1/1 827/2/1 828/3/1 347/4/1
f 258/1/1 739/2/1 740/3/1 259/4/1
f 309/1/1 790/2/1 791/3/1 310/4/1
f 425/1/1 906/2/1 907/3/1 426/4/1
f 9/1/1 490/2/1 491/3/1 10/4/1
f 54/1/1 535/2/1 536/3/1 55/4/1
f 363/1/1 844/2/1 845/3/1 364/4/1
f 170/1/1 651/2/1 652/3/1 171/4/1
f 266/1/1 747/2/1 748/3/1 267/4/1
f 108/1/1 589/2/1 590/3/1 109/4/1
f 433/1/1 914/2/1 915/3/1 434/4/1
f 366/1/1 847/2/1 848/3/1 367/4/1
f 373/1/1 854/2/1 855/3/1 374/4/1
f 178/1/1 659/2/1 660/3/1 179/4/1
f 247/1/1 728/2/1 729/3/1 248/4/1
f 441/1/1 922/2/1 923/3/1 442/4/1
f 17/1/1 498/2/1 499/3/1 18/4/1
f 118/1/1 599/2/1 600/3/1 119/4/1
f 317/1/1 798/2/1 799/3/1 318/4/1
f 186/1/1 667/2/1 668/3/1 187/4/1
f 274/1/1 755/2/1 756/3/1 275/4/1
f 255/1/1 736/2/1 737/3/1 256/4/1
f 62/1/1 543/2/1 544/3/1 63/4/1
f 25/1/1 506/2/1 507/3/1 26/4/1
f 282/1/1 763/2/1 764/3/1 283/4/1
f 263/1/1 744/2/1 745/3/1 264/4/1
f 116/1/1 597/2/1 598/3/1 117/4/1
f 456/1/1 937/2/1 938/3/1 457/4/1
f 8/1/1 489/2/1 490/3/1 9/4/1
f 33/1/1 514/2/1 515/3/1 34/4/1
f 271/1/1 752/2/1 753/3/1 272/4/1
f 290/1/1 771/2/1 772/3/1 291/4/1
f 16/1/1 497/2/1 498/3/1 17/4/1
f 325/1/1 806/2/1 807/3/1 326/4/1
f 379/1/1 860/2/1 861/3/1 380/4/1
f 449/1/1 930/2/1 931/3/1 450/4/1
f 279/1/1 760/2/1 761/3/1 280/4/1
f 70/1/1 551/2/1 552/3/1 71/4/1
f 124/1/1 605/2/1 606/3/1 125/4/1
f 194/1/1 675/2/1 676/3/1 195/4/1
f 41/1/1 522/2/1 523/3/1 42/4/1
f 24/1/1 505/2/1 506/3/1 25/4/1
f 212/1/1 693/2/1 694/3/1 213/4/1
f 298/1/1 779/2/1 780/3/1 299/4/1
f 457/1/1 938/2/1 939/3/1 458/4/1
f 418/1/1 899/2/1 900/3/1 419/4/1
f 202/1/1 683/2/1 684/3/1 203/4/1
f 49/1/1 530/2/1 531/3/1 50/4/1
f 287/1/1 768/2/1 769/3/1 288/4/1
f 387/1/1 868/2/1 869/3/1 388/4/1
f 306/1/1 787/2/1 788/3/1 307/4/1
f 32/1/1 513/2/1 514/3/1 33/4/1
f 395/1/1 876/2/1 877/3/1 396/4/1
f 57/1/1 538/2/1 539/3/1 58/4/1
f 295/1/1 776/2/1 777/3/1 296/4/1
f 341/1/1 822/2/1 823/3/1 342/4/1
f 314/1/1 795/2/1 796/3/1 315/4/1
f 40/1/1 521/2/1 522/3/1 41/4/1
f 362/1/1 843/2/1 844/3/1 363/4/1
f 465/1/1 946/2/1 947/3/1 466/4/1
f 398/1/1 879/2/1 880/3/1 399/4/1
f 4/1/1 485/2/1 486/3/1 5/4/1
f 385/1/1 866/2/1 867/3/1 386/4/1
f 210/1/1 691/2/1 692/3/1 211/4/1
f 303/1/1 784/2/1 785/3/1 304/4/1
f 403/1/1 884/2/1 885/3/1 404/4/1
f 48/1/1 529/2/1 530/3/1 49/4/1
f 148/1/1 629/2/1 630/3/1 149/4/1
f 359/1/1 840/2/1 841/3/1 360/4/1
f 94/1/1 575/2/1 576/3/1 95/4/1
f 411/1/1 892/2/1 893/3/1 412/4/1
f 380/1/1 861/2/1 862/3/1 381/4/1
f 156/1/1 637/2/1 638/3/1 157/4/1
f 473/1/1 954/2/1 955/3/1 474/4/1
f 65/1/1 546/2/1 547/3/1 66/4/1
f 419/1/1 900/2/1 901/3/1 420/4/1
f 218/1/1 699/2/1 700/3/1 219/4/1
f 322/1/1 803/2/1 804/3/1 323/4/1
f 311/1/1 792/2/1 793/3/1 312/4/1
f 357/1/1 838/2/1 839/3/1 358/4/1
f 164/1/1 645/2/1 646/3/1 165/4/1
f 73/1/1 554/2/1 482/3/1 1/4/1
f 56/1/1 537/2/1 538/3/1 57/4/1
f 102/1/1 583/2/1 584/3/1 103/4/1
f 92/1/1 573/2/1 574/3/1 93/4/1
f 481/1/1 962/2/1 874/3/1 393/4/1
f 330/1/1 811/2/1 812/3/1 331/4/1
f 478/1/1 959/2/1 960/3/1 479/4/1
f 427/1/1 908/2/1 909/3/1 428/4/1
f 319/1/1 800/2/1 801/3/1 320/4/1
f 172/1/1 653/2/1 654/3/1 173/4/1
f 365/1/1 846/2/1 847/3/1 366/4/1
f 435/1/1 916/2/1 917/3/1 436/4/1
f 234/1/1 715/2/1 716/3/1 235/4/1
f 327/1/1 808/2/1 809/3/1 328/4/1
f 180/1/1 661/2/1 662/3/1 181/4/1
f 117/1/1 598/2/1 599/3/1 118/4/1
f 84/1/1 565/2/1 566/3/1 85/4/1
f 72/1/1 553/2/1 554/3/1 73/4/1
f 81/1/1 562/2/1 563/3/1 82/4/1
f 335/1/1 816/2/1 817/3/1 336/4/1
f 443/1/1 924/2/1 925/3/1 444/4/1
f 80/1/1 561/2/1 562/3/1 81/4/1
f 188/1/1 669/2/1 670/3/1 189/4/1
f 242/1/1 723/2/1 724/3/1 243/4/1
f 343/1/1 824/2/1 825/3/1 344/4/1
f 451/1/1 932/2/1 933/3/1 452/4/1
f 250/1/1 731/2/1 732/3/1 251/4/1
f 381/1/1 862/2/1 863/3/1 382/4/1
f 196/1/1 677/2/1 678/3/1 197/4/1
f 79/1/1 560/2/1 561/3/1 80/4/1
f 126/1/1 607/2/1 608/3/1 127/4/1
f 336/1/1 817/2/1 818/3/1 337/4/1
f 89/1/1 570/2/1 571/3/1 90/4/1
f 88/1/1 569/2/1 570/3/1 89/4/1
f 260/1/1 741/2/1 742/3/1 261/4/1
f 389/1/1 870/2/1 871/3/1 390/4/1
f 459/1/1 940/2/1 941/3/1 460/4/1
f 11/1/1 492/2/1 493/3/1 12/4/1
f 97/1/1 578/2/1 579/3/1 98/4/1
f 134/1/1 615/2/1 616/3/1 135/4/1
f 204/1/1 685/2/1 686/3/1 205/4/1
f 268/1/1 749/2/1 750/3/1 269/4/1
f 354/1/1 835/2/1 836/3/1 355/4/1
f 463/1/1 944/2/1 945/3/1 464/4/1
f 19/1/1 500/2/1 501/3/1 20/4/1
f 445/1/1 926/2/1 927/3/1 446/4/1
f 276/1/1 757/2/1 758/3/1 277/4/1
f 351/1/1 832/2/1 833/3/1 352/4/1
f 397/1/1 878/2/1 879/3/1 398/4/1
f 27/1/1 508/2/1 509/3/1 28/4/1
f 96/1/1 577/2/1 578/3/1 97/4/1
f 142/1/1 623/2/1 624/3/1 143/4/1
f 284/1/1 765/2/1 766/3/1 285/4/1
f 105/1/1 586/2/1 587/3/1 106/4/1
f 405/1/1 886/2/1 887/3/1 406/4/1
f 104/1/1 585/2/1 586/3/1 105/4/1
f 150/1/1 631/2/1 632/3/1 151/4/1
f 446/1/1 927/2/1 928/3/1 447/4/1
f 475/1/1 956/2/1 957/3/1 476/4/1
f 3/1/1 484/2/1 485/3/1 4/4/1
f 413/1/1 894/2/1 895/3/1 414/4/1
f 220/1/1 701/2/1 702/3/1 221/4/1
f 35/1/1 516/2/1 517/3/1 36/4/1
f 158/1/1 639/2/1 640/3/1 159/4/1
f 292/1/1 773/2/1 774/3/1 293/4/1
f 370/1/1 851/2/1 852/3/1 371/4/1
f 367/1/1 848/2/1 849/3/1 368/4/1
f 166/1/1 647/2/1 648/3/1 167/4/1
f 228/1/1 709/2/1 710/3/1 229/4/1
f 112/1/1 593/2/1 594/3/1 113/4/1
f 300/1/1 781/2/1 782/3/1 301/4/1
f 226/1/1 707/2/1 708/3/1 227/4/1
f 429/1/1 910/2/1 911/3/1 430/4/1
f 51/1/1 532/2/1 533/3/1 52/4/1
f 375/1/1 856/2/1 857/3/1 376/4/1
f 174/1/1 655/2/1 656/3/1 175/4/1
f 236/1/1 717/2/1 718/3/1 237/4/1
f 308/1/1 789/2/1 790/3/1 309/4/1
f 129/1/1 610/2/1 611/3/1 130/4/1
f 120/1/1 601/2/1 602/3/1 121/4/1
f 437/1/1 918/2/1 919/3/1 438/4/1
f 386/1/1 867/2/1 868/3/1 387/4/1
f 69/1/1 550/2/1 551/3/1 70/4/1
f 182/1/1 663/2/1 664/3/1 183/4/1
f 244/1/1 725/2/1 726/3/1 245/4/1
f 59/1/1 540/2/1 541/3/1 60/4/1
f 383/1/1 864/2/1 865/3/1 384/4/1
f 113/1/1 594/2/1 595/3/1 114/4/1
f 245/1/1 726/2/1 679/3/1 198/4/1
f 316/1/1 797/2/1 798/3/1 317/4/1
f 128/1/1 609/2/1 610/3/1 129/4/1
f 252/1/1 733/2/1 734/3/1 253/4/1
f 349/1/1 830/2/1 831/3/1 350/4/1
f 5/1/1 486/2/1 487/3/1 6/4/1
f 67/1/1 548/2/1 549/3/1 68/4/1
f 137/1/1 618/2/1 619/3/1 138/4/1
f 262/1/1 743/2/1 744/3/1 263/4/1
f 324/1/1 805/2/1 806/3/1 325/4/1
f 394/1/1 875/2/1 876/3/1 395/4/1
f 391/1/1 872/2/1 873/3/1 392/4/1
f 119/1/1 600/2/1 601/3/1 120/4/1
f 136/1/1 617/2/1 618/3/1 137/4/1
f 197/1/1 678/2/1 631/3/1 150/4/1
f 355/1/1 836/2/1 837/3/1 356/4/1
f 420/1/1 901/2/1 902/3/1 421/4/1
f 399/1/1 880/2/1 881/3/1 400/4/1
f 75/1/1 556/2/1 557/3/1 76/4/1
f 145/1/1 626/2/1 627/3/1 146/4/1
f 144/1/1 625/2/1 626/3/1 145/4/1
f 198/1/1 679/2/1 680/3/1 199/4/1
f 13/1/1 494/2/1 495/3/1 14/4/1
f 332/1/1 813/2/1 814/3/1 333/4/1
f 402/1/1 883/2/1 884/3/1 403/4/1
f 270/1/1 751/2/1 752/3/1 271/4/1
f 153/1/1 634/2/1 635/3/1 154/4/1
f 149/1/1 630/2/1 625/3/1 144/4/1
f 100/1/1 581/2/1 582/3/1 101/4/1
f 410/1/1 891/2/1 892/3/1 411/4/1
f 461/1/1 942/2/1 943/3/1 462/4/1
f 21/1/1 502/2/1 503/3/1 22/4/1
f 83/1/1 564/2/1 565/3/1 84/4/1
f 407/1/1 888/2/1 889/3/1 408/4/1
f 206/1/1 687/2/1 688/3/1 207/4/1
f 278/1/1 759/2/1 760/3/1 279/4/1
f 161/1/1 642/2/1 643/3/1 162/4/1
f 152/1/1 633/2/1 634/3/1 153/4/1
f 469/1/1 950/2/1 951/3/1 470/4/1
f 338/1/1 819/2/1 820/3/1 339/4/1
f 421/1/1 902/2/1 903/3/1 422/4/1
f 415/1/1 896/2/1 897/3/1 416/4/1
f 214/1/1 695/2/1 696/3/1 215/4/1
f 286/1/1 767/2/1 768/3/1 287/4/1
f 91/1/1 572/2/1 573/3/1 92/4/1
f 169/1/1 650/2/1 651/3/1 170/4/1
f 160/1/1 641/2/1 642/3/1 161/4/1
f 37/1/1 518/2/1 519/3/1 38/4/1
f 348/1/1 829/2/1 830/3/1 349/4/1
f 426/1/1 907/2/1 908/3/1 427/4/1
f 467/1/1 948/2/1 949/3/1 468/4/1
f 294/1/1 775/2/1 776/3/1 295/4/1
f 177/1/1 658/2/1 659/3/1 178/4/1
f 434/1/1 915/2/1 916/3/1 435/4/1
f 45/1/1 526/2/1 527/3/1 46/4/1
f 99/1/1 580/2/1 581/3/1 100/4/1
f 93/1/1 574/2/1 575/3/1 94/4/1
f 302/1/1 783/2/1 784/3/1 303/4/1
f 356/1/1 837/2/1 838/3/1 357/4/1
f 423/1/1 904/2/1 905/3/1 424/4/1
f 230/1/1 711/2/1 712/3/1 231/4/1
f 53/1/1 534/2/1 535/3/1 54/4/1
f 185/1/1 666/2/1 667/3/1 186/4/1
f 168/1/1 649/2/1 650/3/1 169/4/1
f 238/1/1 719/2/1 720/3/1 239/4/1
f 310/1/1 791/2/1 792/3/1 311/4/1
f 431/1/1 912/2/1 913/3/1 432/4/1
f 107/1/1 588/2/1 589/3/1 108/4/1
f 176/1/1 657/2/1 658/3/1 177/4/1
f 364/1/1 845/2/1 846/3/1 365/4/1
f 439/1/1 920/2/1 921/3/1 440/4/1
f 184/1/1 665/2/1 666/3/1 185/4/1
f 246/1/1 727/2/1 728/3/1 247/4/1
f 193/1/1 674/2/1 675/3/1 194/4/1
f 254/1/1 735/2/1 736/3/1 255/4/1
f 61/1/1 542/2/1 543/3/1 62/4/1
f 115/1/1 596/2/1 597/3/1 116/4/1
f 450/1/1 931/2/1 932/3/1 451/4/1
f 256/1/1 737/2/1 738/3/1 257/4/1
f 318/1/1 799/2/1 800/3/1 319/4/1
f 372/1/1 853/2/1 854/3/1 373/4/1
f 55/1/1 536/2/1 537/3/1 56/4/1
f 447/1/1 928/2/1 929/3/1 448/4/1
f 454/1/1 935/2/1 936/3/1 455/4/1
f 201/1/1 682/2/1 683/3/1 202/4/1
f 192/1/1 673/2/1 674/3/1 193/4/1
f 7/1/1 488/2/1 489/3/1 8/4/1
f 477/1/1 958/2/1 959/3/1 478/4/1
f 458/1/1 939/2/1 940/3/1 459/4/1
f 264/1/1 745/2/1 746/3/1 265/4/1
f 123/1/1 604/2/1 605/3/1 124/4/1
f 222/1/1 703/2/1 704/3/1 223/4/1
f 15/1/1 496/2/1 497/3/1 16/4/1
f 326/1/1 807/2/1 808/3/1 327/4/1
f 272/1/1 753/2/1 754/3/1 273/4/1
f 131/1/1 612/2/1 613/3/1 132/4/1
f 455/1/1 936/2/1 937/3/1 456/4/1
f 23/1/1 504/2/1 505/3/1 24/4/1
f 388/1/1 869/2/1 870/3/1 389/4/1
f 200/1/1 681/2/1 682/3/1 201/4/1
f 280/1/1 761/2/1 762/3/1 281/4/1
f 209/1/1 690/2/1 691/3/1 210/4/1
f 334/1/1 815/2/1 816/3/1 335/4/1
f 466/1/1 947/2/1 948/3/1 467/4/1
f 139/1/1 620/2/1 621/3/1 140/4/1
f 85/1/1 566/2/1 567/3/1 86/4/1
f 396/1/1 877/2/1 878/3/1 397/4/1
f 208/1/1 689/2/1 690/3/1 209/4/1
f 31/1/1 512/2/1 513/3/1 32/4/1
f 342/1/1 823/2/1 824/3/1 343/4/1
f 147/1/1 628/2/1 629/3/1 148/4/1
f 288/1/1 769/2/1 770/3/1 289/4/1
f 404/1/1 885/2/1 886/3/1 405/4/1
f 155/1/1 636/2/1 637/3/1 156/4/1
f 225/1/1 706/2/1 707/3/1 226/4/1
f 471/1/1 952/2/1 953/3/1 472/4/1
f 378/1/1 859/2/1 860/3/1 379/4/1
f 412/1/1 893/2/1 894/3/1 413/4/1
f 216/1/1 697/2/1 698/3/1 217/4/1
f 39/1/1 520/2/1 521/3/1 40/4/1
f 350/1/1 831/2/1 832/3/1 351/4/1
f 296/1/1 777/2/1 778/3/1 297/4/1
f 163/1/1 644/2/1 645/3/1 164/4/1
f 190/1/1 671/2/1 672/3/1 191/4/1
f 479/1/1 960/2/1 961/3/1 480/4/1
f 47/1/1 528/2/1 529/3/1 48/4/1
f 171/1/1 652/2/1 653/3/1 172/4/1
f 233/1/1 714/2/1 715/3/1 234/4/1
f 224/1/1 705/2/1 706/3/1 225/4/1
f 304/1/1 785/2/1 786/3/1 305/4/1
f 422/1/1 903/2/1 904/3/1 423/4/1
f 428/1/1 909/2/1 910/3/1 429/4/1
f 77/1/1 558/2/1 559/3/1 78/4/1
f 390/1/1 871/2/1 872/3/1 391/4/1
f 101/1/1 582/2/1 583/3/1 102/4/1
f 241/1/1 722/2/1 723/3/1 242/4/1
f 358/1/1 839/2/1 840/3/1 359/4/1
f 179/1/1 660/2/1 661/3/1 180/4/1
f 436/1/1 917/2/1 918/3/1 437/4/1
f 249/1/1 730/2/1 731/3/1 250/4/1
f 187/1/1 668/2/1 669/3/1 188/4/1
f 109/1/1 590/2/1 591/3/1 110/4/1
f 444/1/1 925/2/1 926/3/1 445/4/1
f 257/1/1 738/2/1 739/3/1 258/4/1
f 340/1/1 821/2/1 822/3/1 341/4/1
f 2/1/1 483/2/1 484/3/1 3/4/1
f 240/1/1 721/2/1 722/3/1 241/4/1
f 312/1/1 793/2/1 794/3/1 313/4/1
f 369/1/1 850/2/1 851/3/1 370/4/1
f 265/1/1 746/2/1 747/3/1 266/4/1
f 64/1/1 545/2/1 546/3/1 65/4/1
f 195/1/1 676/2/1 677/3/1 196/4/1
f 10/1/1 491/2/1 492/3/1 11/4/1
f 452/1/1 933/2/1 934/3/1 453/4/1
f 273/1/1 754/2/1 755/3/1 274/4/1
f 320/1/1 801/2/1 802/3/1 321/4/1
f 18/1/1 499/2/1 500/3/1 19/4/1
f 374/1/1 855/2/1 856/3/1 375/4/1
f 281/1/1 762/2/1 763/3/1 282/4/1
f 248/1/1 729/2/1 730/3/1 249/4/1
f 26/1/1 507/2/1 508/3/1 27/4/1
f 76/1/1 557/2/1 558/3/1 77/4/1
f 203/1/1 684/2/1 685/3/1 204/4/1
f 71/1/1 552/2/1 553/3/1 72/4/1
f 125/1/1 606/2/1 607/3/1 126/4/1
f 460/1/1 941/2/1 942/3/1 461/4/1
f 328/1/1 809/2/1 810/3/1 329/4/1
f 382/1/1 863/2/1 864/3/1 383/4/1
f 289/1/1 770/2/1 771/3/1 290/4/1
f 211/1/1 692/2/1 693/3/1 212/4/1
f 34/1/1 515/2/1 516/3/1 35/4/1
f 468/1/1 949/2/1 950/3/1 469/4/1
f 82/1/1 563/2/1 564/3/1 83/4/1
f 133/1/1 614/2/1 615/3/1 134/4/1
f 297/1/1 778/2/1 779/3/1 298/4/1
f 392/1/1 873/2/1 727/3/1 246/4/1
f 42/1/1 523/2/1 524/3/1 43/4/1
f 140/1/1 621/2/1 614/3/1 133/4/1
f 219/1/1 700/2/1 701/3/1 220/4/1
f 141/1/1 622/2/1 623/3/1 142/4/1
f 476/1/1 957/2/1 958/3/1 477/4/1
f 63/1/1 544/2/1 545/3/1 64/4/1
f 143/1/1 624/2/1 622/3/1 141/4/1
f 305/1/1 786/2/1 787/3/1 306/4/1
f 50/1/1 531/2/1 532/3/1 51/4/1
f 87/1/1 568/2/1 569/3/1 88/4/1
f 313/1/1 794/2/1 795/3/1 314/4/1
f 344/1/1 825/2/1 826/3/1 345/4/1
f 406/1/1 887/2/1 888/3/1 407/4/1
f 227/1/1 708/2/1 709/3/1 228/4/1
f 58/1/1 539/2/1 540/3/1 59/4/1
f 235/1/1 716/2/1 717/3/1 236/4/1
f 157/1/1 638/2/1 639/3/1 158/4/1
f 414/1/1 895/2/1 896/3/1 415/4/1
f 165/1/1 646/2/1 647/3/1 166/4/1
f 321/1/1 802/2/1 803/3/1 322/4/1
f 95/1/1 576/2/1 577/3/1 96/4/1
f 243/1/1 724/2/1 725/3/1 244/4/1
f 66/1/1 547/2/1 548/3/1 67/4/1
f 352/1/1 833/2/1 834/3/1 353/4/1
f 251/1/1 732/2/1 733/3/1 252/4/1
f 360/1/1 841/2/1 842/3/1 361/4/1
f 329/1/1 810/2/1 811/3/1 330/4/1
f 173/1/1 654/2/1 655/3/1 174/4/1
f 259/1/1 740/2/1 741/3/1 260/4/1
f 74/1/1 555/2/1 556/3/1 75/4/1
f 430/1/1 911/2/1 912/3/1 431/4/1
f 217/1/1 698/2/1 699/3/1 218/4/1
f 111/1/1 592/2/1 593/3/1 112/4/1
f 453/1/1 934/2/1 935/3/1 454/4/1
f 368/1/1 849/2/1 850/3/1 369/4/1
f 474/1/1 955/2/1 956/3/1 475/4/1
f 337/1/1 818/2/1 819/3/1 338/4/1
f 267/1/1 748/2/1 749/3/1 268/4/1
f 12/1/1 493/2/1 494/3/1 13/4/1
f 181/1/1 662/2/1 663/3/1 182/4/1
f 275/1/1 756/2/1 757/3/1 276/4/1
f 376/1/1 857/2/1 858/3/1 377/4/1
f 438/1/1 919/2/1 920/3/1 439/4/1
f 20/1/1 501/2/1 502/3/1 21/4/1
f 345/1/1 826/2/1 827/3/1 346/4/1
f 127/1/1 608/2/1 609/3/1 128/4/1
f 90/1/1 571/2/1 572/3/1 91/4/1
f 384/1/1 865/2/1 866/3/1 385/4/1
f 464/1/1 945/2/1 946/3/1 465/4/1
f 283/1/1 764/2/1 765/3/1 284/4/1
f 189/1/1 670/2/1 671/3/1 190/4/1
f 28/1/1 509/2/1 510/3/1 29/4/1
f 1391/1/2 1872/2/2 1873/3/3 1392/4/3
f 1122/1/4 1603/2/4 1604/3/5 1123/4/5
f 1377/1/6 1858/2/6 1859/3/7 1378/4/7
f 1188/1/8 1669/2/8 1670/3/9 1189/4/9
f 1262/1/10 1743/2/10 1744/3/11 1263/4/11
f 1074/1/12 1555/2/12 1556/3/13 1075/4/13
f 1190/1/14 1671/2/14 1672/3/15 1191/4/15
f 1128/1/16 1609/2/16 1610/3/17 1129/4/17
f 1329/1/18 1810/2/18 1811/3/19 1330/4/19
f 1114/1/20 1595/2/20 1596/3/21 1115/4/21
f 1369/1/22 1850/2/22 1851/3/23 1370/4/23
f 1332/1/24 1813/2/24 1814/3/25 1333/4/25
f 1254/1/26 1735/2/26 1736/3/27 1255/4/27
f 1120/1/28 1601/2/28 1602/3/29 1121/4/29
f 1111/1/30 1592/2/30 1587/3/30 1106/4/30
f 997/1/31 1478/2/31 1479/3/32 998/4/32
f 1182/1/33 1663/2/33 1664/3/34 1183/4/34
f 1375/1/35 1856/2/35 1857/3/36 1376/4/36
f 965/1/37 1446/2/37 1447/3/38 966/4/38
f 1437/1/39 1918/2/39 1919/3/40 1438/4/40
f 1408/1/41 1889/2/41 1890/3/42 1409/4/42
f 1106/1/43 1587/2/43 1588/3/43 1107/4/43
f 1112/1/30 1593/2/30 1594/3/44 1113/4/44
f 1066/1/45 1547/2/45 1548/3/46 1067/4/46
f 1361/1/47 1842/2/47 1843/3/48 1362/4/48
f 1367/1/49 1848/2/49 1849/3/50 1368/4/50
f 1098/1/51 1579/2/51 1580/3/51 1099/4/51
f 1067/1/46 1548/2/46 1549/3/52 1068/4/52
f 1246/1/53 1727/2/53 1728/3/54 1247/4/54
f 1104/1/43 1585/2/43 1586/3/43 1105/4/43
f 1058/1/55 1539/2/55 1540/3/56 1059/4/56
f 989/1/57 1470/2/57 1471/3/58 990/4/58
f 1359/1/59 1840/2/59 1841/3/60 1360/4/60
f 1313/1/61 1794/2/61 1795/3/62 1314/4/62
f 1238/1/63 1719/2/63 1720/3/64 1239/4/64
f 1407/1/65 1888/2/65 1889/3/41 1408/4/41
f 981/1/66 1462/2/66 1463/3/67 982/4/67
f 1425/1/68 1906/2/68 1907/3/69 1426/4/69
f 1316/1/70 1797/2/70 1798/3/71 1317/4/71
f 1230/1/72 1711/2/72 1712/3/73 1231/4/73
f 1166/1/74 1647/2/74 1648/3/75 1167/4/75
f 1096/1/76 1577/2/76 1578/3/76 1097/4/76
f 1059/1/56 1540/2/56 1541/3/77 1060/4/77
f 973/1/78 1454/2/78 1455/3/79 974/4/79
f 1421/1/80 1902/2/80 1903/3/81 1422/4/81
f 1351/1/82 1832/2/82 1833/3/83 1352/4/83
f 1222/1/84 1703/2/84 1704/3/85 1223/4/85
f 1050/1/86 1531/2/86 1532/3/87 1051/4/87
f 1051/1/87 1532/2/87 1533/3/88 1052/4/88
f 1298/1/89 1779/2/89 1780/3/90 1299/4/90
f 1088/1/43 1569/2/43 1570/3/43 1089/4/43
f 1041/1/91 1522/2/91 1523/3/92 1042/4/92
f 1158/1/93 1639/2/93 1640/3/94 1159/4/94
f 1343/1/95 1824/2/95 1825/3/96 1344/4/96
f 1212/1/97 1693/2/97 1694/3/98 1213/4/98
f 1413/1/99 1894/2/99 1895/3/100 1414/4/100
f 1305/1/101 1786/2/101 1787/3/102 1306/4/102
f 1204/1/103 1685/2/103 1686/3/104 1205/4/104
f 1150/1/105 1631/2/105 1632/3/106 1151/4/106
f 1042/1/92 1523/2/92 1524/3/107 1043/4/107
f 1405/1/108 1886/2/108 1887/3/109 1406/4/109
f 1297/1/110 1778/2/110 1779/3/89 1298/4/89
f 1043/1/107 1524/2/107 1525/3/111 1044/4/111
f 1034/1/112 1515/2/112 1516/3/113 1035/4/113
f 1046/1/114 1527/2/114 1528/3/115 1047/4/115
f 1079/1/116 1560/2/116 1561/3/117 1080/4/117
f 1142/1/118 1623/2/118 1624/3/119 1143/4/119
f 1289/1/120 1770/2/120 1771/3/121 1290/4/121
f 1196/1/122 1677/2/122 1678/3/123 1197/4/123
f 1397/1/124 1878/2/124 1879/3/125 1398/4/125
f 1327/1/126 1808/2/126 1809/3/127 1328/4/127
f 1134/1/128 1615/2/128 1616/3/129 1135/4/129
f 1281/1/130 1762/2/130 1763/3/130 1282/4/130
f 1389/1/131 1870/2/131 1871/3/132 1390/4/132
f 1440/1/133 1921/2/133 1922/3/134 1441/4/134
f 1292/1/135 1773/2/135 1774/3/136 1293/4/136
f 1443/1/30 1924/2/30 1836/3/30 1355/4/30
f 1054/1/137 1535/2/137 1536/3/138 1055/4/138
f 1064/1/139 1545/2/139 1546/3/140 1065/4/140
f 1018/1/141 1499/2/141 1500/3/142 1019/4/142
f 1035/1/143 1516/2/143 1444/3/143 963/4/143
f 1126/1/144 1607/2/144 1608/3/145 1127/4/145
f 1319/1/146 1800/2/146 1801/3/147 1320/4/147
f 1273/1/148 1754/2/148 1755/3/149 1274/4/149
f 1284/1/150 1765/2/150 1766/3/151 1285/4/151
f 1180/1/152 1661/2/152 1662/3/153 1181/4/153
f 1381/1/154 1862/2/154 1863/3/155 1382/4/155
f 1027/1/156 1508/2/156 1509/3/157 1028/4/157
f 1435/1/158 1916/2/158 1917/3/159 1436/4/159
f 1118/1/160 1599/2/160 1600/3/161 1119/4/161
f 1342/1/162 1823/2/162 1824/3/95 1343/4/95
f 1373/1/163 1854/2/163 1855/3/164 1374/4/164
f 1056/1/165 1537/2/165 1538/3/166 1057/4/166
f 1321/1/167 1802/2/167 1803/3/168 1322/4/168
f 1110/1/43 1591/2/43 1592/3/43 1111/4/43
f 1010/1/169 1491/2/169 1492/3/170 1011/4/170
f 1365/1/171 1846/2/171 1847/3/172 1366/4/172
f 1265/1/173 1746/2/173 1747/3/174 1266/4/174
f 1172/1/43 1653/2/43 1654/3/175 1173/4/175
f 1347/1/176 1828/2/176 1829/3/177 1348/4/177
f 966/1/38 1447/2/38 1448/3/178 967/4/178
f 1360/1/60 1841/2/60 1842/3/47 1361/4/47
f 1427/1/179 1908/2/179 1909/3/180 1428/4/180
f 1324/1/181 1805/2/181 1806/3/182 1325/4/182
f 1002/1/183 1483/2/183 1484/3/184 1003/4/184
f 1276/1/185 1757/2/185 1758/3/186 1277/4/186
f 1303/1/187 1784/2/187 1785/3/188 1304/4/188
f 1257/1/189 1738/2/189 1739/3/190 1258/4/190
f 1019/1/142 1500/2/142 1501/3/191 1020/4/191
f 1357/1/192 1838/2/192 1839/3/193 1358/4/193
f 994/1/194 1475/2/194 1476/3/195 995/4/195
f 1268/1/196 1749/2/196 1750/3/197 1269/4/197
f 1349/1/198 1830/2/198 1831/3/199 1350/4/199
f 1249/1/200 1730/2/200 1731/3/201 1250/4/201
f 1011/1/170 1492/2/170 1493/3/202 1012/4/202
f 1164/1/203 1645/2/203 1646/3/204 1165/4/204
f 1380/1/205 1861/2/205 1862/3/154 1381/4/154
f 1419/1/206 1900/2/206 1901/3/207 1420/4/207
f 1260/1/208 1741/2/208 1742/3/209 1261/4/209
f 1174/1/210 1655/2/210 1656/3/211 1175/4/211
f 986/1/212 1467/2/212 1468/3/213 987/4/213
f 1003/1/184 1484/2/184 1485/3/214 1004/4/214
f 1156/1/215 1637/2/215 1638/3/216 1157/4/216
f 1086/1/217 1567/2/217 1568/3/217 1087/4/217
f 1032/1/218 1513/2/218 1514/3/219 1033/4/219
f 1241/1/220 1722/2/220 1723/3/221 1242/4/221
f 1411/1/222 1892/2/222 1893/3/223 1412/4/223
f 1341/1/224 1822/2/224 1823/3/162 1342/4/162
f 1287/1/225 1768/2/225 1769/3/226 1288/4/226
f 978/1/227 1459/2/227 1460/3/228 979/4/228
f 1252/1/229 1733/2/229 1734/3/230 1253/4/230
f 1233/1/231 1714/2/231 1715/3/232 1234/4/232
f 995/1/195 1476/2/195 1477/3/233 996/4/233
f 970/1/234 1451/2/234 1452/3/235 971/4/235
f 1418/1/236 1899/2/236 1900/3/206 1419/4/206
f 1078/1/237 1559/2/237 1560/3/116 1079/4/116
f 1225/1/238 1706/2/238 1707/3/239 1226/4/239
f 1244/1/130 1725/2/130 1726/3/130 1245/4/130
f 987/1/213 1468/2/213 1469/3/240 988/4/240
f 1024/1/241 1505/2/241 1506/3/242 1025/4/242
f 1217/1/243 1698/2/243 1699/3/244 1218/4/244
f 1236/1/245 1717/2/245 1718/3/246 1237/4/246
f 1148/1/122 1629/2/122 1630/3/247 1149/4/247
f 1279/1/248 1760/2/248 1761/3/249 1280/4/249
f 1080/1/117 1561/2/117 1562/3/250 1081/4/250
f 979/1/228 1460/2/228 1461/3/251 980/4/251
f 1403/1/252 1884/2/252 1885/3/253 1404/4/253
f 1209/1/254 1690/2/254 1691/3/255 1210/4/255
f 1140/1/256 1621/2/256 1622/3/257 1141/4/257
f 1335/1/258 1816/2/258 1817/3/259 1336/4/259
f 1328/1/127 1809/2/127 1810/3/18 1329/4/18
f 1395/1/260 1876/2/260 1877/3/261 1396/4/261
f 1070/1/262 1551/2/262 1552/3/263 1071/4/263
f 1228/1/264 1709/2/264 1710/3/265 1229/4/265
f 1132/1/266 1613/2/266 1614/3/267 1133/4/267
f 1325/1/182 1806/2/182 1807/3/268 1326/4/268
f 1016/1/269 1497/2/269 1498/3/270 1017/4/270
f 971/1/235 1452/2/235 1453/3/271 972/4/271
f 1387/1/272 1868/2/272 1869/3/273 1388/4/273
f 1271/1/274 1752/2/274 1753/3/275 1272/4/275
f 1220/1/108 1701/2/108 1702/3/276 1221/4/276
f 1308/1/277 1789/2/277 1790/3/278 1309/4/278
f 963/1/279 1444/2/279 1445/3/280 964/4/280
f 1008/1/281 1489/2/281 1490/3/282 1009/4/282
f 1201/1/283 1682/2/283 1683/3/284 1202/4/284
f 1124/1/43 1605/2/43 1606/3/285 1125/4/285
f 1263/1/11 1744/2/11 1745/3/286 1264/4/286
f 1193/1/287 1674/2/287 1675/3/288 1194/4/288
f 1379/1/289 1860/2/289 1861/3/205 1380/4/205
f 1000/1/290 1481/2/290 1482/3/291 1001/4/291
f 1442/1/122 1923/2/122 1924/3/122 1443/4/122
f 1255/1/27 1736/2/27 1737/3/292 1256/4/292
f 1185/1/293 1666/2/293 1667/3/294 1186/4/294
f 1116/1/295 1597/2/295 1598/3/296 1117/4/296
f 992/1/297 1473/2/297 1474/3/298 993/4/298
f 1371/1/299 1852/2/299 1853/3/300 1372/4/300
f 1247/1/54 1728/2/54 1729/3/301 1248/4/301
f 1434/1/302 1915/2/302 1916/3/158 1435/4/158
f 984/1/303 1465/2/303 1466/3/304 985/4/304
f 1177/1/305 1658/2/305 1659/3/306 1178/4/306
f 1108/1/122 1589/2/122 1590/3/122 1109/4/122
f 1094/1/307 1575/2/307 1565/3/307 1084/4/307
f 1239/1/64 1720/2/64 1721/3/308 1240/4/308
f 1363/1/309 1844/2/309 1845/3/310 1364/4/310
f 1309/1/278 1790/2/278 1791/3/311 1310/4/311
f 976/1/312 1457/2/312 1458/3/313 977/4/313
f 1231/1/73 1712/2/73 1713/3/314 1232/4/314
f 1100/1/315 1581/2/315 1582/3/315 1101/4/315
f 1169/1/316 1650/2/316 1651/3/317 1170/4/317
f 1355/1/43 1836/2/43 1837/3/43 1356/4/43
f 968/1/318 1449/2/318 1450/3/319 969/4/319
f 1194/1/288 1675/2/288 1676/3/320 1195/4/320
f 1301/1/321 1782/2/321 1783/3/322 1302/4/322
f 1223/1/85 1704/2/85 1705/3/323 1224/4/323
f 1161/1/324 1642/2/324 1643/3/325 1162/4/325
f 1215/1/326 1696/2/326 1697/3/327 1216/4/327
f 1410/1/328 1891/2/328 1892/3/222 1411/4/222
f 1092/1/329 1573/2/329 1574/3/329 1093/4/329
f 1153/1/330 1634/2/330 1635/3/331 1154/4/331
f 1040/1/332 1521/2/332 1522/3/91 1041/4/91
f 1199/1/333 1680/2/333 1681/3/334 1200/4/334
f 1402/1/335 1883/2/335 1884/3/252 1403/4/252
f 1084/1/336 1565/2/336 1566/3/336 1085/4/336
f 1293/1/136 1774/2/136 1775/3/337 1294/4/337
f 1295/1/338 1776/2/338 1777/3/339 1296/4/339
f 1145/1/340 1626/2/340 1627/3/341 1146/4/341
f 1339/1/342 1820/2/342 1821/3/343 1340/4/343
f 1083/1/344 1564/2/344 1517/3/345 1036/4/345
f 1191/1/15 1672/2/15 1673/3/346 1192/4/346
f 1394/1/347 1875/2/347 1876/3/260 1395/4/260
f 1137/1/348 1618/2/348 1619/3/349 1138/4/349
f 1386/1/350 1867/2/350 1868/3/272 1387/4/272
f 1076/1/351 1557/2/351 1558/3/352 1077/4/352
f 1030/1/353 1511/2/353 1512/3/354 1031/4/354
f 1129/1/17 1610/2/17 1611/3/355 1130/4/355
f 1285/1/151 1766/2/151 1767/3/356 1286/4/356
f 1183/1/34 1664/2/34 1665/3/30 1184/4/30
f 991/1/357 1472/2/357 1473/3/297 992/4/297
f 1333/1/25 1814/2/25 1815/3/358 1334/4/358
f 1005/1/359 1486/2/359 1487/3/360 1006/4/360
f 1432/1/361 1913/2/361 1914/3/362 1433/4/362
f 1048/1/363 1529/2/363 1530/3/364 1049/4/364
f 1022/1/365 1503/2/365 1504/3/366 1023/4/366
f 1175/1/211 1656/2/211 1657/3/367 1176/4/367
f 1378/1/7 1859/2/7 1860/3/289 1379/4/289
f 1277/1/186 1758/2/186 1759/3/368 1278/4/368
f 1121/1/29 1602/2/29 1603/3/4 1122/4/4
f 1065/1/140 1546/2/140 1547/3/45 1066/4/45
f 1370/1/23 1851/2/23 1852/3/299 1371/4/299
f 1068/1/52 1549/2/52 1550/3/369 1069/4/369
f 1014/1/370 1495/2/370 1496/3/371 1015/4/371
f 1113/1/44 1594/2/44 1595/3/20 1114/4/20
f 1323/1/372 1804/2/372 1805/3/181 1324/4/181
f 1269/1/197 1750/2/197 1751/3/373 1270/4/373
f 1424/1/374 1905/2/374 1906/3/68 1425/4/68
f 1072/1/375 1553/2/375 1554/3/376 1073/4/376
f 1404/1/253 1885/2/253 1886/3/108 1405/4/108
f 1006/1/360 1487/2/360 1488/3/377 1007/4/377
f 1167/1/75 1648/2/75 1649/3/378 1168/4/378
f 1362/1/48 1843/2/48 1844/3/309 1363/4/309
f 1261/1/209 1742/2/209 1743/3/10 1262/4/10
f 998/1/32 1479/2/32 1480/3/379 999/4/379
f 1253/1/230 1734/2/230 1735/3/26 1254/4/26
f 1060/1/77 1541/2/77 1542/3/380 1061/4/380
f 1097/1/122 1578/2/122 1579/3/122 1098/4/122
f 1315/1/381 1796/2/381 1797/3/70 1316/4/70
f 990/1/58 1471/2/58 1472/3/357 991/4/357
f 1151/1/106 1632/2/106 1633/3/382 1152/4/382
f 1245/1/213 1726/2/213 1727/3/53 1246/4/53
f 1426/1/69 1907/2/69 1908/3/179 1427/4/179
f 1346/1/383 1827/2/383 1828/3/176 1347/4/176
f 1052/1/88 1533/2/88 1534/3/384 1053/4/384
f 1089/1/130 1570/2/130 1571/3/130 1090/4/130
f 1307/1/385 1788/2/385 1789/3/277 1308/4/277
f 982/1/67 1463/2/67 1464/3/386 983/4/386
f 1400/1/387 1881/2/387 1882/3/388 1401/4/388
f 1338/1/389 1819/2/389 1820/3/342 1339/4/342
f 1237/1/246 1718/2/246 1719/3/63 1238/4/63
f 1143/1/119 1624/2/119 1625/3/390 1144/4/390
f 974/1/79 1455/2/79 1456/3/391 975/4/391
f 1229/1/265 1710/2/265 1711/3/72 1230/4/72
f 1299/1/90 1780/2/90 1781/3/392 1300/4/392
f 1436/1/159 1917/2/159 1918/3/39 1437/4/39
f 1330/1/19 1811/2/19 1812/3/393 1331/4/393
f 1415/1/394 1896/2/394 1897/3/395 1416/4/395
f 1073/1/376 1554/2/376 1555/3/12 1074/4/12
f 1179/1/396 1660/2/396 1661/3/152 1180/4/152
f 1392/1/130 1873/2/130 1874/3/130 1393/4/130
f 1036/1/397 1517/2/397 1518/3/398 1037/4/398
f 1221/1/276 1702/2/276 1703/3/84 1222/4/84
f 1135/1/129 1616/2/129 1617/3/130 1136/4/130
f 1291/1/399 1772/2/399 1773/3/135 1292/4/135
f 1322/1/168 1803/2/168 1804/3/372 1323/4/372
f 1213/1/98 1694/2/98 1695/3/400 1214/4/400
f 1314/1/62 1795/2/62 1796/3/381 1315/4/381
f 1028/1/157 1509/2/157 1510/3/401 1029/4/401
f 1205/1/104 1686/2/104 1687/3/402 1206/4/402
f 1057/1/166 1538/2/166 1539/3/55 1058/4/55
f 1283/1/403 1764/2/403 1765/3/150 1284/4/150
f 1127/1/145 1608/2/145 1609/3/16 1128/4/16
f 1376/1/36 1857/2/36 1858/3/6 1377/4/6
f 1119/1/161 1600/2/161 1601/3/28 1120/4/28
f 1197/1/123 1678/2/123 1679/3/404 1198/4/404
f 1020/1/191 1501/2/191 1502/3/405 1021/4/405
f 1189/1/9 1670/2/9 1671/3/14 1190/4/14
f 1368/1/50 1849/2/50 1850/3/22 1369/4/22
f 1306/1/102 1787/2/102 1788/3/385 1307/4/385
f 1275/1/406 1756/2/406 1757/3/185 1276/4/185
f 1049/1/364 1530/2/364 1531/3/86 1050/4/86
f 1012/1/202 1493/2/202 1494/3/407 1013/4/407
f 1267/1/408 1748/2/408 1749/3/196 1268/4/196
f 1105/1/409 1586/2/409 1584/3/409 1103/4/409
f 1025/1/242 1506/2/242 1507/3/410 1026/4/410
f 1438/1/40 1919/2/40 1920/3/411 1439/4/411
f 1103/1/412 1584/2/412 1585/3/412 1104/4/412
f 1181/1/153 1662/2/153 1663/3/33 1182/4/33
f 1102/1/413 1583/2/413 1576/3/413 1095/4/413
f 1004/1/214 1485/2/214 1486/3/359 1005/4/359
f 1354/1/130 1835/2/130 1689/3/130 1208/4/130
f 1259/1/414 1740/2/414 1741/3/208 1260/4/208
f 1095/1/43 1576/2/43 1577/3/43 1096/4/43
f 1044/1/111 1525/2/111 1526/3/415 1045/4/415
f 1430/1/416 1911/2/416 1912/3/417 1431/4/417
f 996/1/233 1477/2/233 1478/3/31 997/4/31
f 1173/1/175 1654/2/175 1655/3/210 1174/4/210
f 1251/1/418 1732/2/418 1733/3/229 1252/4/229
f 1344/1/96 1825/2/96 1826/3/419 1345/4/419
f 1290/1/121 1771/2/121 1772/3/399 1291/4/399
f 1422/1/81 1903/2/81 1904/3/420 1423/4/420
f 1087/1/30 1568/2/30 1569/3/30 1088/4/30
f 1033/1/219 1514/2/219 1515/3/112 1034/4/112
f 1165/1/204 1646/2/204 1647/3/74 1166/4/74
f 1038/1/421 1519/2/421 1520/3/422 1039/4/422
f 988/1/240 1469/2/240 1470/3/57 989/4/57
f 1243/1/423 1724/2/423 1725/3/424 1244/4/424
f 1336/1/259 1817/2/259 1818/3/425 1337/4/425
f 980/1/251 1461/2/251 1462/3/66 981/4/66
f 1282/1/426 1763/2/426 1764/3/403 1283/4/403
f 1235/1/427 1716/2/427 1717/3/245 1236/4/245
f 1414/1/100 1895/2/100 1896/3/394 1415/4/394
f 972/1/271 1453/2/271 1454/3/78 973/4/78
f 1157/1/216 1638/2/216 1639/3/93 1158/4/93
f 1026/1/410 1507/2/410 1508/3/156 1027/4/156
f 1227/1/428 1708/2/428 1709/3/264 1228/4/264
f 1331/1/393 1812/2/393 1813/3/24 1332/4/24
f 1274/1/149 1755/2/149 1756/3/406 1275/4/406
f 964/1/280 1445/2/280 1446/3/37 965/4/37
f 1302/1/322 1783/2/322 1784/3/187 1303/4/187
f 1219/1/429 1700/2/429 1701/3/108 1220/4/108
f 1406/1/109 1887/2/109 1888/3/65 1407/4/65
f 1071/1/263 1552/2/263 1553/3/375 1072/4/375
f 1149/1/247 1630/2/247 1631/3/105 1150/4/105
f 1211/1/430 1692/2/430 1693/3/97 1212/4/97
f 1398/1/125 1879/2/125 1880/3/431 1399/4/431
f 1141/1/257 1622/2/257 1623/3/118 1142/4/118
f 1320/1/147 1801/2/147 1802/3/167 1321/4/167
f 1203/1/432 1684/2/432 1685/3/103 1204/4/103
f 1063/1/433 1544/2/433 1545/3/139 1064/4/139
f 1352/1/83 1833/2/83 1834/3/434 1353/4/434
f 1390/1/132 1871/2/132 1872/3/2 1391/4/2
f 1384/1/435 1865/2/435 1866/3/436 1385/4/436
f 1266/1/174 1747/2/174 1748/3/408 1267/4/408
f 1195/1/320 1676/2/320 1677/3/122 1196/4/122
f 1133/1/267 1614/2/267 1615/3/128 1134/4/128
f 1009/1/282 1490/2/282 1491/3/169 1010/4/169
f 1152/1/382 1633/2/382 1634/3/330 1153/4/330
f 1125/1/285 1606/2/285 1607/3/144 1126/4/144
f 1258/1/190 1739/2/190 1740/3/414 1259/4/414
f 1312/1/437 1793/2/437 1794/3/61 1313/4/61
f 1001/1/291 1482/2/291 1483/3/183 1002/4/183
f 1374/1/164 1855/2/164 1856/3/35 1375/4/35
f 1340/1/343 1821/2/343 1822/3/224 1341/4/224
f 1187/1/438 1668/2/438 1669/3/8 1188/4/8
f 1117/1/296 1598/2/296 1599/3/160 1118/4/160
f 1366/1/172 1847/2/172 1848/3/49 1367/4/49
f 1250/1/201 1731/2/201 1732/3/418 1251/4/418
f 1109/1/30 1590/2/30 1591/3/30 1110/4/30
f 1304/1/188 1785/2/188 1786/3/101 1305/4/101
f 993/1/298 1474/2/298 1475/3/194 994/4/194
f 1358/1/193 1839/2/193 1840/3/59 1359/4/59
f 1047/1/115 1528/2/115 1529/3/363 1048/4/363
f 1210/1/255 1691/2/255 1692/3/430 1211/4/430
f 1101/1/122 1582/2/122 1583/3/122 1102/4/122
f 1428/1/180 1909/2/180 1910/3/439 1429/4/439
f 1296/1/339 1777/2/339 1778/3/110 1297/4/110
f 1171/1/440 1652/2/440 1653/3/43 1172/4/43
f 1242/1/221 1723/2/221 1724/3/423 1243/4/423
f 1350/1/199 1831/2/199 1832/3/82 1351/4/82
f 985/1/304 1466/2/304 1467/3/212 986/4/212
f 1093/1/122 1574/2/122 1575/3/122 1094/4/122
f 1234/1/232 1715/2/232 1716/3/427 1235/4/427
f 1202/1/284 1683/2/284 1684/3/432 1203/4/432
f 1288/1/226 1769/2/226 1770/3/120 1289/4/120
f 977/1/313 1458/2/313 1459/3/227 978/4/227
f 1184/1/30 1665/2/30 1666/3/293 1185/4/293
f 1085/1/43 1566/2/43 1567/3/43 1086/4/43
f 1226/1/239 1707/2/239 1708/3/428 1227/4/428
f 1420/1/207 1901/2/207 1902/3/80 1421/4/80
f 1439/1/411 1920/2/411 1921/3/133 1440/4/133
f 969/1/319 1450/2/319 1451/3/234 970/4/234
f 1163/1/441 1644/2/441 1645/3/203 1164/4/203
f 1416/1/395 1897/2/395 1898/3/442 1417/4/442
f 1017/1/270 1498/2/270 1499/3/141 1018/4/141
f 1334/1/358 1815/2/358 1816/3/258 1335/4/258
f 1280/1/249 1761/2/249 1762/3/443 1281/4/443
f 1218/1/244 1699/2/244 1700/3/429 1219/4/429
f 1039/1/422 1520/2/422 1521/3/332 1040/4/332
f 1412/1/223 1893/2/223 1894/3/99 1413/4/99
f 1077/1/352 1558/2/352 1559/3/237 1078/4/237
f 1023/1/444 1504/2/444 1505/3/241 1024/4/241
f 1216/1/327 1697/2/327 1698/3/243 1217/4/243
f 1186/1/294 1667/2/294 1668/3/438 1187/4/438
f 1155/1/445 1636/2/445 1637/3/215 1156/4/215
f 1208/1/446 1689/2/446 1690/3/254 1209/4/254
f 1441/1/130 1922/2/130 1923/3/130 1442/4/130
f 1326/1/268 1807/2/268 1808/3/126 1327/4/126
f 1069/1/369 1550/2/369 1551/3/262 1070/4/262
f 1178/1/306 1659/2/306 1660/3/396 1179/4/396
f 1272/1/275 1753/2/275 1754/3/148 1273/4/148
f 1200/1/334 1681/2/334 1682/3/283 1201/4/283
f 1433/1/362 1914/2/362 1915/3/302 1434/4/302
f 1147/1/447 1628/2/447 1629/3/122 1148/4/122
f 1015/1/371 1496/2/371 1497/3/269 1016/4/269
f 1192/1/346 1673/2/346 1674/3/287 1193/4/287
f 1318/1/448 1799/2/448 1800/3/146 1319/4/146
f 1264/1/286 1745/2/286 1746/3/173 1265/4/173
f 1055/1/138 1536/2/138 1537/3/165 1056/4/165
f 1061/1/380 1542/2/380 1543/3/449 1062/4/449
f 1007/1/377 1488/2/377 1489/3/281 1008/4/281
f 1170/1/317 1651/2/317 1652/3/440 1171/4/440
f 1396/1/261 1877/2/261 1878/3/124 1397/4/124
f 1139/1/450 1620/2/450 1621/3/256 1140/4/256
f 1256/1/292 1737/2/292 1738/3/189 1257/4/189
f 1429/1/439 1910/2/439 1911/3/416 1430/4/416
f 1388/1/273 1869/2/273 1870/3/131 1389/4/131
f 1310/1/311 1791/2/311 1792/3/451 1311/4/451
f 999/1/379 1480/2/379 1481/3/290 1000/4/290
f 1131/1/452 1612/2/452 1613/3/266 1132/4/266
f 1053/1/384 1534/2/384 1535/3/137 1054/4/137
f 1248/1/301 1729/2/301 1730/3/200 1249/4/200
f 1176/1/367 1657/2/367 1658/3/305 1177/4/305
f 1162/1/325 1643/2/325 1644/3/441 1163/4/441
f 1383/1/453 1864/2/453 1865/3/435 1384/4/435
f 1300/1/392 1781/2/392 1782/3/321 1301/4/321
f 1431/1/417 1912/2/417 1913/3/361 1432/4/361
f 1417/1/442 1898/2/442 1899/3/236 1418/4/236
f 1123/1/5 1604/2/5 1605/3/43 1124/4/43
f 1240/1/308 1721/2/308 1722/3/220 1241/4/220
f 1168/1/378 1649/2/378 1650/3/316 1169/4/316
f 1045/1/415 1526/2/415 1527/3/114 1046/4/114
f 983/1/386 1464/2/386 1465/3/303 984/4/303
f 1423/1/420 1904/2/420 1905/3/374 1424/4/374
f 1372/1/300 1853/2/300 1854/3/163 1373/4/163
f 1062/1/449 1543/2/449 1544/3/433 1063/4/433
f 1115/1/21 1596/2/21 1597/3/295 1116/4/295
f 1232/1/314 1713/2/314 1714/3/231 1233/4/231
f 1154/1/331 1635/2/331 1636/3/445 1155/4/445
f 1364/1/310 1845/2/310 1846/3/171 1365/4/171
f 1294/1/337 1775/2/337 1776/3/338 1295/4/338
f 975/1/391 1456/2/391 1457/3/312 976/4/312
f 1160/1/130 1641/2/130 1642/3/324 1161/4/324
f 1409/1/42 1890/2/42 1891/3/328 1410/4/328
f 1107/1/130 1588/2/130 1589/3/130 1108/4/130
f 1037/1/398 1518/2/398 1519/3/421 1038/4/421
f 1382/1/155 1863/2/155 1864/3/453 1383/4/453
f 1317/1/71 1798/2/71 1799/3/454 1318/4/454
f 1159/1/94 1640/2/94 1593/3/30 1112/4/30
f 1081/1/250 1562/2/250 1563/3/455 1082/4/455
f 1353/1/434 1834/2/434 1835/3/456 1354/4/456
f 1146/1/341 1627/2/341 1628/3/447 1147/4/447
f 1356/1/457 1837/2/457 1838/3/192 1357/4/192
f 1286/1/356 1767/2/356 1768/3/225 1287/4/225
f 1224/1/323 1705/2/323 1706/3/238 1225/4/238
f 1401/1/388 1882/2/388 1883/3/335 1402/4/335
f 1099/1/122 1580/2/122 1581/3/122 1100/4/122
f 1029/1/401 1510/2/401 1511/3/353 1030/4/353
f 967/1/178 1448/2/178 1449/3/318 968/4/318
f 1138/1/349 1619/2/349 1620/3/450 1139/4/450
f 1311/1/451 1792/2/451 1793/3/437 1312/4/437
f 1393/1/458 1874/2/458 1875/3/347 1394/4/347
f 1214/1/400 1695/2/400 1696/3/326 1215/4/326
f 1090/1/122 1571/2/122 1572/3/122 1091/4/122
f 1130/1/355 1611/2/355 1612/3/452 1131/4/452
f 1278/1/368 1759/2/368 1760/3/248 1279/4/248
f 1207/1/459 1688/2/459 1641/3/130 1160/4/130
f 1075/1/13 1556/2/13 1557/3/351 1076/4/351
f 1345/1/419 1826/2/419 1827/3/383 1346/4/383
f 1385/1/436 1866/2/436 1867/3/350 1386/4/350
f 1021/1/405 1502/2/405 1503/3/365 1022/4/365
f 1206/1/402 1687/2/402 1688/3/459 1207/4/459
f 1144/1/390 1625/2/390 1626/3/340 1145/4/340
f 1031/1/354 1512/2/354 1513/3/218 1032/4/218
f 1348/1/177 1829/2/177 1830/3/198 1349/4/198
f 715/1/1 1196/2/1 1197/3/1 716/4/1
f 661/1/1 1142/2/1 1143/3/1 662/4/1
f 598/1/1 1079/2/1 1080/3/1 599/4/1
f 565/1/1 1046/2/1 1047/3/1 566/4/1
f 832/1/1 1313/2/1 1314/3/1 833/4/1
f 562/1/1 1043/2/1 1044/3/1 563/4/1
f 577/1/1 1058/2/1 1059/3/1 578/4/1
f 924/1/1 1405/2/1 1406/3/1 925/4/1
f 1571/1/460 1570/2/460 1569/3/460
f 1571/1/460 1569/2/460 1568/3/460
f 1568/1/460 1567/2/460 1566/3/460
f 1568/1/460 1566/2/460 1565/3/460
f 1571/1/460 1568/2/460 1573/3/460
f 1573/1/460 1568/2/460 1565/3/460
f 1573/1/460 1565/2/460 1575/3/460
f 1571/1/460 1573/2/460 1572/3/460
f 1574/1/460 1573/2/460 1575/3/460
f 1578/1/460 1577/2/460 1576/3/460
f 1578/1/460 1576/2/460 1584/3/460
f 1584/1/460 1576/2/460 1583/3/460
f 1578/1/460 1584/2/460 1586/3/460
f 1585/1/460 1584/2/460 1583/3/460
f 1578/1/460 1586/2/460 1580/3/460
f 1580/1/460 1586/2/460 1585/3/460
f 1580/1/460 1585/2/460 1581/3/460
f 1581/1/460 1585/2/460 1583/3/460
f 1578/1/460 1580/2/460 1579/3/460
f 1582/1/460 1581/2/460 1583/3/460
f 1589/1/460 1588/2/460 1587/3/460
f 1589/1/460 1587/2/460 1592/3/460
f 1589/1/460 1592/2/460 1591/3/460
f 1589/1/460 1591/2/460 1590/3/460
f 1606/1/460 1605/2/460 1604/3/460
f 1606/1/460 1604/2/460 1603/3/460
f 1607/1/460 1606/2/460 1603/3/460
f 1607/1/460 1603/2/460 1602/3/460
f 1608/1/460 1607/2/460 1602/3/460
f 1608/1/460 1602/2/460 1601/3/460
f 1609/1/460 1608/2/460 1601/3/460
f 1610/1/460 1609/2/460 1601/3/460
f 1610/1/460 1601/2/460 1600/3/460
f 1611/1/460 1610/2/460 1600/3/460
f 1611/1/460 1600/2/460 1677/3/460
f 1677/1/460 1600/2/460 1599/3/460
f 1611/1/460 1677/2/460 1676/3/460
f 1678/1/460 1677/2/460 1599/3/460
f 1611/1/460 1676/2/460 1675/3/460
f 1679/1/460 1678/2/460 1599/3/460
f 1612/1/460 1611/2/460 1675/3/460
f 1679/1/460 1599/2/460 1598/3/460
f 1612/1/460 1675/2/460 1674/3/460
f 1680/1/460 1679/2/460 1598/3/460
f 1612/1/460 1674/2/460 1673/3/460
f 1681/1/460 1680/2/460 1598/3/460
f 1612/1/460 1673/2/460 1672/3/460
f 1682/1/460 1681/2/460 1598/3/460
f 1613/1/460 1612/2/460 1672/3/460
f 1682/1/460 1598/2/460 1597/3/460
f 1613/1/460 1672/2/460 1671/3/460
f 1683/1/460 1682/2/460 1597/3/460
f 1613/1/460 1671/2/460 1670/3/460
f 1684/1/460 1683/2/460 1597/3/460
f 1614/1/460 1613/2/460 1670/3/460
f 1684/1/460 1597/2/460 1596/3/460
f 1614/1/460 1670/2/460 1669/3/460
f 1685/1/460 1684/2/460 1596/3/460
f 1615/1/460 1614/2/460 1669/3/460
f 1685/1/460 1596/2/460 1595/3/460
f 1615/1/460 1669/2/460 1668/3/460
f 1686/1/460 1685/2/460 1595/3/460
f 1615/1/460 1668/2/460 1667/3/460
f 1687/1/460 1686/2/460 1595/3/460
f 1616/1/460 1615/2/460 1667/3/460
f 1687/1/460 1595/2/460 1594/3/460
f 1616/1/460 1667/2/460 1666/3/460
f 1688/1/460 1687/2/460 1594/3/460
f 1617/1/460 1616/2/460 1666/3/460
f 1688/1/460 1594/2/460 1593/3/460
f 1617/1/460 1666/2/460 1665/3/460
f 1641/1/460 1688/2/460 1593/3/460
f 1618/1/460 1617/2/460 1665/3/460
f 1618/1/460 1665/2/460 1664/3/460
f 1642/1/460 1641/2/460 1593/3/460
f 1642/1/460 1593/2/460 1640/3/460
f 1618/1/460 1664/2/460 1663/3/460
f 1643/1/460 1642/2/460 1640/3/460
f 1619/1/460 1618/2/460 1663/3/460
f 1643/1/460 1640/2/460 1639/3/460
f 1619/1/460 1663/2/460 1662/3/460
f 1644/1/460 1643/2/460 1639/3/460
f 1620/1/460 1619/2/460 1662/3/460
f 1644/1/460 1639/2/460 1638/3/460
f 1645/1/460 1644/2/460 1638/3/460
f 1620/1/460 1662/2/460 1661/3/460
f 1646/1/460 1645/2/460 1638/3/460
f 1620/1/460 1661/2/460 1660/3/460
f 1621/1/460 1620/2/460 1660/3/460
f 1646/1/460 1638/2/460 1637/3/460
f 1647/1/460 1646/2/460 1637/3/460
f 1621/1/460 1660/2/460 1659/3/460
f 1622/1/460 1621/2/460 1659/3/460
f 1647/1/460 1637/2/460 1636/3/460
f 1648/1/460 1647/2/460 1636/3/460
f 1622/1/460 1659/2/460 1658/3/460
f 1649/1/460 1648/2/460 1636/3/460
f 1622/1/460 1658/2/460 1657/3/460
f 1623/1/460 1622/2/460 1657/3/460
f 1649/1/460 1636/2/460 1635/3/460
f 1650/1/460 1649/2/460 1635/3/460
f 1623/1/460 1657/2/460 1656/3/460
f 1651/1/460 1650/2/460 1635/3/460
f 1623/1/460 1656/2/460 1655/3/460
f 1652/1/460 1651/2/460 1635/3/460
f 1623/1/460 1655/2/460 1654/3/460
f 1624/1/460 1623/2/460 1654/3/460
f 1652/1/460 1635/2/460 1634/3/460
f 1653/1/460 1652/2/460 1634/3/460
f 1624/1/460 1654/2/460 1653/3/460
f 1624/1/460 1653/2/460 1634/3/460
f 1625/1/460 1624/2/460 1634/3/460
f 1625/1/460 1634/2/460 1633/3/460
f 1626/1/460 1625/2/460 1633/3/460
f 1626/1/460 1633/2/460 1632/3/460
f 1627/1/460 1626/2/460 1632/3/460
f 1627/1/460 1632/2/460 1631/3/460
f 1628/1/460 1627/2/460 1631/3/460
f 1628/1/460 1631/2/460 1630/3/460
f 1629/1/460 1628/2/460 1630/3/460
f 1824/1/460 1823/2/460 1822/3/460
f 1825/1/460 1824/2/460 1822/3/460
f 1826/1/460 1825/2/460 1822/3/460
f 1826/1/460 1822/2/460 1821/3/460
f 1827/1/460 1826/2/460 1821/3/460
f 1828/1/460 1827/2/460 1821/3/460
f 1829/1/460 1828/2/460 1821/3/460
f 1829/1/460 1821/2/460 1820/3/460
f 1830/1/460 1829/2/460 1820/3/460
f 1831/1/460 1830/2/460 1820/3/460
f 1832/1/460 1831/2/460 1820/3/460
f 1832/1/460 1820/2/460 1819/3/460
f 1833/1/460 1832/2/460 1819/3/460
f 1834/1/460 1833/2/460 1819/3/460
f 1834/1/460 1819/2/460 1818/3/460
f 1835/1/460 1834/2/460 1818/3/460
f 1689/1/460 1835/2/460 1690/3/460
f 1690/1/460 1835/2/460 1691/3/460
f 1691/1/460 1835/2/460 1692/3/460
f 1692/1/460 1835/2/460 1693/3/460
f 1693/1/460 1835/2/460 1818/3/460
f 1693/1/460 1818/2/460 1694/3/460
f 1694/1/460 1818/2/460 1695/3/460
f 1695/1/460 1818/2/460 1817/3/460
f 1695/1/460 1817/2/460 1696/3/460
f 1696/1/460 1817/2/460 1697/3/460
f 1697/1/460 1817/2/460 1816/3/460
f 1697/1/460 1816/2/460 1698/3/460
f 1698/1/460 1816/2/460 1699/3/460
f 1699/1/460 1816/2/460 1700/3/460
f 1700/1/460 1816/2/460 1815/3/460
f 1700/1/460 1815/2/460 1701/3/460
f 1701/1/460 1815/2/460 1702/3/460
f 1702/1/460 1815/2/460 1814/3/460
f 1703/1/460 1702/2/460 1814/3/460
f 1704/1/460 1703/2/460 1814/3/460
f 1705/1/460 1704/2/460 1814/3/460
f 1705/1/460 1814/2/460 1813/3/460
f 1706/1/460 1705/2/460 1813/3/460
f 1707/1/460 1706/2/460 1813/3/460
f 1708/1/460 1707/2/460 1813/3/460
f 1708/1/460 1813/2/460 1812/3/460
f 1709/1/460 1708/2/460 1812/3/460
f 1710/1/460 1709/2/460 1812/3/460
f 1710/1/460 1812/2/460 1811/3/460
f 1711/1/460 1710/2/460 1811/3/460
f 1712/1/460 1711/2/460 1811/3/460
f 1712/1/460 1811/2/460 1810/3/460
f 1713/1/460 1712/2/460 1810/3/460
f 1714/1/460 1713/2/460 1810/3/460
f 1714/1/460 1810/2/460 1809/3/460
f 1715/1/460 1714/2/460 1809/3/460
f 1715/1/460 1809/2/460 1808/3/460
f 1716/1/460 1715/2/460 1808/3/460
f 1716/1/460 1808/2/460 1807/3/460
f 1717/1/460 1716/2/460 1807/3/460
f 1717/1/460 1807/2/460 1806/3/460
f 1718/1/460 1717/2/460 1806/3/460
f 1718/1/460 1806/2/460 1805/3/460
f 1719/1/460 1718/2/460 1805/3/460
f 1720/1/460 1719/2/460 1805/3/460
f 1720/1/460 1805/2/460 1804/3/460
f 1721/1/460 1720/2/460 1804/3/460
f 1721/1/460 1804/2/460 1803/3/460
f 1722/1/460 1721/2/460 1803/3/460
f 1723/1/460 1722/2/460 1803/3/460
f 1724/1/460 1723/2/460 1803/3/460
f 1724/1/460 1803/2/460 1802/3/460
f 1725/1/460 1724/2/460 1802/3/460
f 1726/1/460 1725/2/460 1802/3/460
f 1726/1/460 1802/2/460 1801/3/460
f 1726/1/460 1801/2/460 1800/3/460
f 1726/1/460 1800/2/460 1799/3/460
f 1726/1/460 1799/2/460 1798/3/460
f 1726/1/460 1798/2/460 1797/3/460
f 1726/1/460 1797/2/460 1796/3/460
f 1726/1/460 1796/2/460 1795/3/460
f 1726/1/460 1795/2/460 1794/3/460
f 1726/1/460 1794/2/460 1727/3/460
f 1727/1/460 1794/2/460 1793/3/460
f 1728/1/460 1727/2/460 1793/3/460
f 1729/1/460 1728/2/460 1793/3/460
f 1730/1/460 1729/2/460 1793/3/460
f 1730/1/460 1793/2/460 1792/3/460
f 1731/1/460 1730/2/460 1792/3/460
f 1732/1/460 1731/2/460 1792/3/460
f 1732/1/460 1792/2/460 1791/3/460
f 1733/1/460 1732/2/460 1791/3/460
f 1733/1/460 1791/2/460 1790/3/460
f 1734/1/460 1733/2/460 1790/3/460
f 1735/1/460 1734/2/460 1790/3/460
f 1735/1/460 1790/2/460 1789/3/460
f 1736/1/460 1735/2/460 1789/3/460
f 1736/1/460 1789/2/460 1788/3/460
f 1737/1/460 1736/2/460 1788/3/460
f 1737/1/460 1788/2/460 1787/3/460
f 1738/1/460 1737/2/460 1787/3/460
f 1738/1/460 1787/2/460 1786/3/460
f 1739/1/460 1738/2/460 1786/3/460
f 1740/1/460 1739/2/460 1786/3/460
f 1740/1/460 1786/2/460 1785/3/460
f 1741/1/460 1740/2/460 1785/3/460
f 1742/1/460 1741/2/460 1785/3/460
f 1742/1/460 1785/2/460 1784/3/460
f 1763/1/460 1762/2/460 1761/3/460
f 1743/1/460 1742/2/460 1784/3/460
f 1763/1/460 1761/2/460 1760/3/460
f 1744/1/460 1743/2/460 1784/3/460
f 1763/1/460 1760/2/460 1759/3/460
f 1744/1/460 1784/2/460 1783/3/460
f 1745/1/460 1744/2/460 1783/3/460
f 1763/1/460 1759/2/460 1758/3/460
f 1763/1/460 1758/2/460 1757/3/460
f 1746/1/460 1745/2/460 1783/3/460
f 1763/1/460 1757/2/460 1756/3/460
f 1747/1/460 1746/2/460 1783/3/460
f 1763/1/460 1756/2/460 1755/3/460
f 1763/1/460 1755/2/460 1754/3/460
f 1748/1/460 1747/2/460 1783/3/460
f 1748/1/460 1783/2/460 1782/3/460
f 1763/1/460 1754/2/460 1753/3/460
f 1749/1/460 1748/2/460 1782/3/460
f 1763/1/460 1753/2/460 1752/3/460
f 1763/1/460 1752/2/460 1751/3/460
f 1750/1/460 1749/2/460 1782/3/460
f 1763/1/460 1751/2/460 1750/3/460
f 1763/1/460 1750/2/460 1782/3/460
f 1763/1/460 1782/2/460 1781/3/460
f 1763/1/460 1781/2/460 1780/3/460
f 1763/1/460 1780/2/460 1779/3/460
f 1764/1/460 1763/2/460 1779/3/460
f 1765/1/460 1764/2/460 1779/3/460
f 1766/1/460 1765/2/460 1779/3/460
f 1766/1/460 1779/2/460 1778/3/460
f 1767/1/460 1766/2/460 1778/3/460
f 1768/1/460 1767/2/460 1778/3/460
f 1768/1/460 1778/2/460 1777/3/460
f 1769/1/460 1768/2/460 1777/3/460
f 1770/1/460 1769/2/460 1777/3/460
f 1771/1/460 1770/2/460 1777/3/460
f 1771/1/460 1777/2/460 1776/3/460
f 1772/1/460 1771/2/460 1776/3/460
f 1773/1/460 1772/2/460 1776/3/460
f 1773/1/460 1776/2/460 1775/3/460
f 1774/1/460 1773/2/460 1775/3/460
f 1862/1/460 1861/2/460 1860/3/460
f 1863/1/460 1862/2/460 1860/3/460
f 1864/1/460 1863/2/460 1860/3/460
f 1864/1/460 1860/2/460 1859/3/460
f 1865/1/460 1864/2/460 1859/3/460
f 1865/1/460 1859/2/460 1858/3/460
f 1866/1/460 1865/2/460 1858/3/460
f 1867/1/460 1866/2/460 1858/3/460
f 1867/1/460 1858/2/460 1857/3/460
f 1868/1/460 1867/2/460 1857/3/460
f 1869/1/460 1868/2/460 1857/3/460
f 1869/1/460 1857/2/460 1856/3/460
f 1870/1/460 1869/2/460 1856/3/460
f 1871/1/460 1870/2/460 1856/3/460
f 1871/1/460 1856/2/460 1855/3/460
f 1872/1/460 1871/2/460 1855/3/460
f 1873/1/460 1872/2/460 1855/3/460
f 1873/1/460 1855/2/460 1854/3/460
f 1874/1/460 1873/2/460 1875/3/460
f 1875/1/460 1873/2/460 1876/3/460
f 1876/1/460 1873/2/460 1877/3/460
f 1877/1/460 1873/2/460 1878/3/460
f 1878/1/460 1873/2/460 1879/3/460
f 1879/1/460 1873/2/460 1880/3/460
f 1880/1/460 1873/2/460 1881/3/460
f 1881/1/460 1873/2/460 1882/3/460
f 1882/1/460 1873/2/460 1883/3/460
f 1883/1/460 1873/2/460 1884/3/460
f 1884/1/460 1873/2/460 1885/3/460
f 1885/1/460 1873/2/460 1854/3/460
f 1885/1/460 1854/2/460 1886/3/460
f 1886/1/460 1854/2/460 1853/3/460
f 1887/1/460 1886/2/460 1853/3/460
f 1888/1/460 1887/2/460 1853/3/460
f 1889/1/460 1888/2/460 1853/3/460
f 1889/1/460 1853/2/460 1852/3/460
f 1890/1/460 1889/2/460 1852/3/460
f 1891/1/460 1890/2/460 1852/3/460
f 1892/1/460 1891/2/460 1852/3/460
f 1892/1/460 1852/2/460 1851/3/460
f 1893/1/460 1892/2/460 1851/3/460
f 1894/1/460 1893/2/460 1851/3/460
f 1894/1/460 1851/2/460 1850/3/460
f 1895/1/460 1894/2/460 1850/3/460
f 1896/1/460 1895/2/460 1850/3/460
f 1896/1/460 1850/2/460 1849/3/460
f 1897/1/460 1896/2/460 1849/3/460
f 1898/1/460 1897/2/460 1849/3/460
f 1898/1/460 1849/2/460 1848/3/460
f 1899/1/460 1898/2/460 1848/3/460
f 1900/1/460 1899/2/460 1848/3/460
f 1900/1/460 1848/2/460 1847/3/460
f 1901/1/460 1900/2/460 1847/3/460
f 1902/1/460 1901/2/460 1847/3/460
f 1902/1/460 1847/2/460 1846/3/460
f 1903/1/460 1902/2/460 1846/3/460
f 1904/1/460 1903/2/460 1846/3/460
f 1904/1/460 1846/2/460 1845/3/460
f 1905/1/460 1904/2/460 1845/3/460
f 1906/1/460 1905/2/460 1845/3/460
f 1907/1/460 1906/2/460 1845/3/460
f 1907/1/460 1845/2/460 1844/3/460
f 1908/1/460 1907/2/460 1844/3/460
f 1909/1/460 1908/2/460 1844/3/460
f 1909/1/460 1844/2/460 1843/3/460
f 1910/1/460 1909/2/460 1843/3/460
f 1911/1/460 1910/2/460 1843/3/460
f 1911/1/460 1843/2/460 1842/3/460
f 1912/1/460 1911/2/460 1842/3/460
f 1912/1/460 1842/2/460 1841/3/460
f 1913/1/460 1912/2/460 1841/3/460
f 1913/1/460 1841/2/460 1840/3/460
f 1914/1/460 1913/2/460 1840/3/460
f 1915/1/460 1914/2/460 1840/3/460
f 1915/1/460 1840/2/460 1839/3/460
f 1916/1/460 1915/2/460 1839/3/460
f 1916/1/460 1839/2/460 1838/3/460
f 1917/1/460 1916/2/460 1838/3/460
f 1917/1/460 1838/2/460 1837/3/460
f 1918/1/460 1917/2/460 1837/3/460
f 1919/1/460 1918/2/460 1837/3/460
f 1919/1/460 1837/2/460 1836/3/460
f 1919/1/460 1836/2/460 1924/3/460
f 1920/1/460 1919/2/460 1924/3/460
f 1921/1/460 1920/2/460 1924/3/460
f 1922/1/460 1921/2/460 1924/3/460
f 1923/1/460 1922/2/460 1924/3/460
f 1445/1/460 1444/2/460 1516/3/460
f 1446/1/460 1445/2/460 1516/3/460
f 1447/1/460 1446/2/460 1516/3/460
f 1447/1/460 1516/2/460 1515/3/460
f 1447/1/460 1515/2/460 1514/3/460
f 1448/1/460 1447/2/460 1514/3/460
f 1448/1/460 1514/2/460 1513/3/460
f 1448/1/460 1513/2/460 1512/3/460
f 1449/1/460 1448/2/460 1512/3/460
f 1449/1/460 1512/2/460 1511/3/460
f 1449/1/460 1511/2/460 1510/3/460
f 1450/1/460 1449/2/460 1510/3/460
f 1450/1/460 1510/2/460 1509/3/460
f 1450/1/460 1509/2/460 1508/3/460
f 1451/1/460 1450/2/460 1508/3/460
f 1451/1/460 1508/2/460 1507/3/460
f 1452/1/460 1451/2/460 1507/3/460
f 1452/1/460 1507/2/460 1506/3/460
f 1452/1/460 1506/2/460 1505/3/460
f 1453/1/460 1452/2/460 1505/3/460
f 1493/1/460 1492/2/460 1491/3/460
f 1494/1/460 1493/2/460 1491/3/460
f 1495/1/460 1494/2/460 1491/3/460
f 1495/1/460 1491/2/460 1490/3/460
f 1496/1/460 1495/2/460 1490/3/460
f 1497/1/460 1496/2/460 1490/3/460
f 1453/1/460 1505/2/460 1504/3/460
f 1498/1/460 1497/2/460 1490/3/460
f 1498/1/460 1490/2/460 1489/3/460
f 1499/1/460 1498/2/460 1489/3/460
f 1500/1/460 1499/2/460 1489/3/460
f 1501/1/460 1500/2/460 1489/3/460
f 1501/1/460 1489/2/460 1488/3/460
f 1502/1/460 1501/2/460 1488/3/460
f 1503/1/460 1502/2/460 1488/3/460
f 1504/1/460 1503/2/460 1488/3/460
f 1504/1/460 1488/2/460 1487/3/460
f 1453/1/460 1504/2/460 1487/3/460
f 1454/1/460 1453/2/460 1487/3/460
f 1454/1/460 1487/2/460 1486/3/460
f 1454/1/460 1486/2/460 1485/3/460
f 1455/1/460 1454/2/460 1526/3/460
f 1526/1/460 1454/2/460 1527/3/460
f 1527/1/460 1454/2/460 1485/3/460
f 1527/1/460 1485/2/460 1528/3/460
f 1528/1/460 1485/2/460 1529/3/460
f 1529/1/460 1485/2/460 1484/3/460
f 1530/1/460 1529/2/460 1484/3/460
f 1531/1/460 1530/2/460 1484/3/460
f 1455/1/460 1526/2/460 1525/3/460
f 1455/1/460 1525/2/460 1524/3/460
f 1532/1/460 1531/2/460 1484/3/460
f 1532/1/460 1484/2/460 1483/3/460
f 1455/1/460 1524/2/460 1523/3/460
f 1455/1/460 1523/2/460 1522/3/460
f 1533/1/460 1532/2/460 1483/3/460
f 1455/1/460 1522/2/460 1521/3/460
f 1534/1/460 1533/2/460 1483/3/460
f 1455/1/460 1521/2/460 1520/3/460
f 1455/1/460 1520/2/460 1519/3/460
f 1535/1/460 1534/2/460 1483/3/460
f 1455/1/460 1519/2/460 1518/3/460
f 1456/1/460 1455/2/460 1518/3/460
f 1535/1/460 1483/2/460 1482/3/460
f 1456/1/460 1518/2/460 1517/3/460
f 1536/1/460 1535/2/460 1482/3/460
f 1456/1/460 1517/2/460 1564/3/460
f 1537/1/460 1536/2/460 1482/3/460
f 1538/1/460 1537/2/460 1482/3/460
f 1538/1/460 1482/2/460 1481/3/460
f 1456/1/460 1564/2/460 1563/3/460
f 1539/1/460 1538/2/460 1481/3/460
f 1457/1/460 1456/2/460 1563/3/460
f 1540/1/460 1539/2/460 1481/3/460
f 1540/1/460 1481/2/460 1480/3/460
f 1457/1/460 1563/2/460 1562/3/460
f 1541/1/460 1540/2/460 1480/3/460
f 1458/1/460 1457/2/460 1562/3/460
f 1542/1/460 1541/2/460 1480/3/460
f 1542/1/460 1480/2/460 1479/3/460
f 1458/1/460 1562/2/460 1561/3/460
f 1543/1/460 1542/2/460 1479/3/460
f 1458/1/460 1561/2/460 1560/3/460
f 1543/1/460 1479/2/460 1478/3/460
f 1459/1/460 1458/2/460 1560/3/460
f 1544/1/460 1543/2/460 1478/3/460
f 1545/1/460 1544/2/460 1478/3/460
f 1459/1/460 1560/2/460 1559/3/460
f 1545/1/460 1478/2/460 1477/3/460
f 1546/1/460 1545/2/460 1477/3/460
f 1460/1/460 1459/2/460 1559/3/460
f 1460/1/460 1559/2/460 1558/3/460
f 1547/1/460 1546/2/460 1477/3/460
f 1460/1/460 1558/2/460 1557/3/460
f 1547/1/460 1477/2/460 1476/3/460
f 1548/1/460 1547/2/460 1476/3/460
f 1461/1/460 1460/2/460 1557/3/460
f 1461/1/460 1557/2/460 1556/3/460
f 1549/1/460 1548/2/460 1476/3/460
f 1550/1/460 1549/2/460 1476/3/460
f 1461/1/460 1556/2/460 1555/3/460
f 1550/1/460 1476/2/460 1475/3/460
f 1551/1/460 1550/2/460 1475/3/460
f 1461/1/460 1555/2/460 1554/3/460
f 1552/1/460 1551/2/460 1475/3/460
f 1461/1/460 1554/2/460 1553/3/460
f 1553/1/460 1552/2/460 1475/3/460
f 1461/1/460 1553/2/460 1475/3/460
f 1462/1/460 1461/2/460 1475/3/460
f 1462/1/460 1475/2/460 1474/3/460
f 1463/1/460 1462/2/460 1474/3/460
f 1463/1/460 1474/2/460 1473/3/460
f 1464/1/460 1463/2/460 1473/3/460
f 1464/1/460 1473/2/460 1472/3/460
f 1465/1/460 1464/2/460 1472/3/460
f 1465/1/460 1472/2/460 1471/3/460
f 1466/1/460 1465/2/460 1471/3/460
f 1466/1/460 1471/2/460 1470/3/460
f 1467/1/460 1466/2/460 1470/3/460
f 1467/1/460 1470/2/460 1469/3/460
f 1468/1/460 1467/2/460 1469/3/460
f 1013/1/407 1494/2/407 1495/3/370 1014/4/370
f 1337/1/425 1818/2/425 1819/3/389 1338/4/389
f 1136/1/130 1617/2/130 1618/3/348 1137/4/348
f 1198/1/404 1679/2/404 1680/3/333 1199/4/333
f 1270/1/373 1751/2/373 1752/3/274 1271/4/274
f 1091/1/30 1572/2/30 1573/3/30 1092/4/30
f 1082/1/455 1563/2/455 1564/3/344 1083/4/344
f 1399/1/431 1880/2/431 1881/3/387 1400/4/387
